experiment,seed,altitude,speed,distance,duration,energy,n_detections,heading,wind_x,wind_y,survivor_x,survivor_y,detected,x,y,false_detections
energy,9001,5,2,25,0.0,0.0,0,,,,,,,,,
energy,9001,5,2,50,0.0,0.0,0,,,,,,,,,
energy,9001,5,2,100,0.0,0.0,0,,,,,,,,,
energy,9001,5,2,150,0.0,0.0,0,,,,,,,,,
energy,9001,5,5,25,0.0,0.0,0,,,,,,,,,
energy,9001,5,5,50,0.0,0.0,0,,,,,,,,,
energy,9001,5,5,100,0.0,0.0,0,,,,,,,,,
energy,9001,5,5,150,0.0,0.0,0,,,,,,,,,
energy,9001,5,8,25,0.0,0.0,0,,,,,,,,,
energy,9001,5,8,50,0.0,0.0,0,,,,,,,,,
energy,9001,5,8,100,0.0,0.0,0,,,,,,,,,
energy,9001,5,8,150,0.0,0.0,0,,,,,,,,,
energy,9001,5,10,25,0.0,0.0,0,,,,,,,,,
energy,9001,5,10,50,0.0,0.0,0,,,,,,,,,
energy,9001,5,10,100,0.0,0.0,0,,,,,,,,,
energy,9001,5,10,150,0.0,0.0,0,,,,,,,,,
energy,9001,5,12,25,0.0,0.0,0,,,,,,,,,
energy,9001,5,12,50,0.0,0.0,0,,,,,,,,,
energy,9001,5,12,100,0.0,0.0,0,,,,,,,,,
energy,9001,5,12,150,0.0,0.0,0,,,,,,,,,
energy,9001,5,15,25,0.0,0.0,0,,,,,,,,,
energy,9001,5,15,50,0.0,0.0,0,,,,,,,,,
energy,9001,5,15,100,0.0,0.0,0,,,,,,,,,
energy,9001,5,15,150,0.0,0.0,0,,,,,,,,,
energy,9001,10,2,25,0.0,0.0,0,,,,,,,,,
energy,9001,10,2,50,0.0,0.0,0,,,,,,,,,
energy,9001,10,2,100,0.0,0.0,0,,,,,,,,,
energy,9001,10,2,150,0.0,0.0,0,,,,,,,,,
energy,9001,10,5,25,0.0,0.0,0,,,,,,,,,
energy,9001,10,5,50,0.0,0.0,0,,,,,,,,,
energy,9001,10,5,100,0.0,0.0,0,,,,,,,,,
energy,9001,10,5,150,0.0,0.0,0,,,,,,,,,
energy,9001,10,8,25,0.0,0.0,0,,,,,,,,,
energy,9001,10,8,50,0.0,0.0,0,,,,,,,,,
energy,9001,10,8,100,0.0,0.0,0,,,,,,,,,
energy,9001,10,8,150,0.0,0.0,0,,,,,,,,,
energy,9001,10,10,25,0.0,0.0,0,,,,,,,,,
energy,9001,10,10,50,0.0,0.0,0,,,,,,,,,
energy,9001,10,10,100,0.0,0.0,0,,,,,,,,,
energy,9001,10,10,150,0.0,0.0,0,,,,,,,,,
energy,9001,10,12,25,0.0,0.0,0,,,,,,,,,
energy,9001,10,12,50,0.0,0.0,0,,,,,,,,,
energy,9001,10,12,100,0.0,0.0,0,,,,,,,,,
energy,9001,10,12,150,0.0,0.0,0,,,,,,,,,
energy,9001,10,15,25,0.0,0.0,0,,,,,,,,,
energy,9001,10,15,50,0.0,0.0,0,,,,,,,,,
energy,9001,10,15,100,0.0,0.0,0,,,,,,,,,
energy,9001,10,15,150,0.0,0.0,0,,,,,,,,,
energy,9001,15,2,25,0.0,0.0,0,,,,,,,,,
energy,9001,15,2,50,0.0,0.0,0,,,,,,,,,
energy,9001,15,2,100,0.0,0.0,0,,,,,,,,,
energy,9001,15,2,150,0.0,0.0,0,,,,,,,,,
energy,9001,15,5,25,0.0,0.0,0,,,,,,,,,
energy,9001,15,5,50,0.0,0.0,0,,,,,,,,,
energy,9001,15,5,100,0.0,0.0,0,,,,,,,,,
energy,9001,15,5,150,0.0,0.0,0,,,,,,,,,
energy,9001,15,8,25,0.0,0.0,0,,,,,,,,,
energy,9001,15,8,50,0.0,0.0,0,,,,,,,,,
energy,9001,15,8,100,0.0,0.0,0,,,,,,,,,
energy,9001,15,8,150,0.0,0.0,0,,,,,,,,,
energy,9001,15,10,25,0.0,0.0,0,,,,,,,,,
energy,9001,15,10,50,0.0,0.0,0,,,,,,,,,
energy,9001,15,10,100,0.0,0.0,0,,,,,,,,,
energy,9001,15,10,150,0.0,0.0,0,,,,,,,,,
energy,9001,15,12,25,0.0,0.0,0,,,,,,,,,
energy,9001,15,12,50,0.0,0.0,0,,,,,,,,,
energy,9001,15,12,100,0.0,0.0,0,,,,,,,,,
energy,9001,15,12,150,0.0,0.0,0,,,,,,,,,
energy,9001,15,15,25,0.0,0.0,0,,,,,,,,,
energy,9001,15,15,50,0.0,0.0,0,,,,,,,,,
energy,9001,15,15,100,0.0,0.0,0,,,,,,,,,
energy,9001,15,15,150,0.0,0.0,0,,,,,,,,,
energy,9001,20,2,25,0.0,0.0,0,,,,,,,,,
energy,9001,20,2,50,0.0,0.0,0,,,,,,,,,
energy,9001,20,2,100,0.0,0.0,0,,,,,,,,,
energy,9001,20,2,150,0.0,0.0,0,,,,,,,,,
energy,9001,20,5,25,0.0,0.0,0,,,,,,,,,
energy,9001,20,5,50,0.0,0.0,0,,,,,,,,,
energy,9001,20,5,100,0.0,0.0,0,,,,,,,,,
energy,9001,20,5,150,0.0,0.0,0,,,,,,,,,
energy,9001,20,8,25,0.0,0.0,0,,,,,,,,,
energy,9001,20,8,50,0.0,0.0,0,,,,,,,,,
energy,9001,20,8,100,0.0,0.0,0,,,,,,,,,
energy,9001,20,8,150,0.0,0.0,0,,,,,,,,,
energy,9001,20,10,25,0.0,0.0,0,,,,,,,,,
energy,9001,20,10,50,0.0,0.0,0,,,,,,,,,
energy,9001,20,10,100,0.0,0.0,0,,,,,,,,,
energy,9001,20,10,150,0.0,0.0,0,,,,,,,,,
energy,9001,20,12,25,0.0,0.0,0,,,,,,,,,
energy,9001,20,12,50,0.0,0.0,0,,,,,,,,,
energy,9001,20,12,100,0.0,0.0,0,,,,,,,,,
energy,9001,20,12,150,0.0,0.0,0,,,,,,,,,
energy,9001,20,15,25,0.0,0.0,0,,,,,,,,,
energy,9001,20,15,50,0.0,0.0,0,,,,,,,,,
energy,9001,20,15,100,0.0,0.0,0,,,,,,,,,
energy,9001,20,15,150,0.0,0.0,0,,,,,,,,,
energy,9001,30,2,25,0.0,0.0,0,,,,,,,,,
energy,9001,30,2,50,0.0,0.0,0,,,,,,,,,
energy,9001,30,2,100,0.0,0.0,0,,,,,,,,,
energy,9001,30,2,150,0.0,0.0,0,,,,,,,,,
energy,9001,30,5,25,0.0,0.0,0,,,,,,,,,
energy,9001,30,5,50,0.0,0.0,0,,,,,,,,,
energy,9001,30,5,100,0.0,0.0,0,,,,,,,,,
energy,9001,30,5,150,0.0,0.0,0,,,,,,,,,
energy,9001,30,8,25,0.0,0.0,0,,,,,,,,,
energy,9001,30,8,50,0.0,0.0,0,,,,,,,,,
energy,9001,30,8,100,0.0,0.0,0,,,,,,,,,
energy,9001,30,8,150,0.0,0.0,0,,,,,,,,,
energy,9001,30,10,25,0.0,0.0,0,,,,,,,,,
energy,9001,30,10,50,0.0,0.0,0,,,,,,,,,
energy,9001,30,10,100,0.0,0.0,0,,,,,,,,,
energy,9001,30,10,150,0.0,0.0,0,,,,,,,,,
energy,9001,30,12,25,0.0,0.0,0,,,,,,,,,
energy,9001,30,12,50,0.0,0.0,0,,,,,,,,,
energy,9001,30,12,100,0.0,0.0,0,,,,,,,,,
energy,9001,30,12,150,0.0,0.0,0,,,,,,,,,
energy,9001,30,15,25,0.0,0.0,0,,,,,,,,,
energy,9001,30,15,50,0.0,0.0,0,,,,,,,,,
energy,9001,30,15,100,0.0,0.0,0,,,,,,,,,
energy,9001,30,15,150,0.0,0.0,0,,,,,,,,,
energy,9001,40,2,25,0.0,0.0,0,,,,,,,,,
energy,9001,40,2,50,0.0,0.0,0,,,,,,,,,
energy,9001,40,2,100,0.0,0.0,0,,,,,,,,,
energy,9001,40,2,150,0.0,0.0,0,,,,,,,,,
energy,9001,40,5,25,0.0,0.0,0,,,,,,,,,
energy,9001,40,5,50,0.0,0.0,0,,,,,,,,,
energy,9001,40,5,100,0.0,0.0,0,,,,,,,,,
energy,9001,40,5,150,0.0,0.0,0,,,,,,,,,
energy,9001,40,8,25,0.0,0.0,0,,,,,,,,,
energy,9001,40,8,50,0.0,0.0,0,,,,,,,,,
energy,9001,40,8,100,0.0,0.0,0,,,,,,,,,
energy,9001,40,8,150,0.0,0.0,0,,,,,,,,,
energy,9001,40,10,25,0.0,0.0,0,,,,,,,,,
energy,9001,40,10,50,0.0,0.0,0,,,,,,,,,
energy,9001,40,10,100,0.0,0.0,0,,,,,,,,,
energy,9001,40,10,150,0.0,0.0,0,,,,,,,,,
energy,9001,40,12,25,0.0,0.0,0,,,,,,,,,
energy,9001,40,12,50,0.0,0.0,0,,,,,,,,,
energy,9001,40,12,100,0.0,0.0,0,,,,,,,,,
energy,9001,40,12,150,0.0,0.0,0,,,,,,,,,
energy,9001,40,15,25,0.0,0.0,0,,,,,,,,,
energy,9001,40,15,50,0.0,0.0,0,,,,,,,,,
energy,9001,40,15,100,0.0,0.0,0,,,,,,,,,
energy,9001,40,15,150,0.0,0.0,0,,,,,,,,,
energy,9001,50,2,25,0.0,0.0,0,,,,,,,,,
energy,9001,50,2,50,0.0,0.0,0,,,,,,,,,
energy,9001,50,2,100,0.0,0.0,0,,,,,,,,,
energy,9001,50,2,150,0.0,0.0,0,,,,,,,,,
energy,9001,50,5,25,0.0,0.0,0,,,,,,,,,
energy,9001,50,5,50,0.0,0.0,0,,,,,,,,,
energy,9001,50,5,100,0.0,0.0,0,,,,,,,,,
energy,9001,50,5,150,0.0,0.0,0,,,,,,,,,
energy,9001,50,8,25,0.0,0.0,0,,,,,,,,,
energy,9001,50,8,50,0.0,0.0,0,,,,,,,,,
energy,9001,50,8,100,0.0,0.0,0,,,,,,,,,
energy,9001,50,8,150,0.0,0.0,0,,,,,,,,,
energy,9001,50,10,25,0.0,0.0,0,,,,,,,,,
energy,9001,50,10,50,0.0,0.0,0,,,,,,,,,
energy,9001,50,10,100,0.0,0.0,0,,,,,,,,,
energy,9001,50,10,150,0.0,0.0,0,,,,,,,,,
energy,9001,50,12,25,0.0,0.0,0,,,,,,,,,
energy,9001,50,12,50,0.0,0.0,0,,,,,,,,,
energy,9001,50,12,100,0.0,0.0,0,,,,,,,,,
energy,9001,50,12,150,0.0,0.0,0,,,,,,,,,
energy,9001,50,15,25,0.0,0.0,0,,,,,,,,,
energy,9001,50,15,50,0.0,0.0,0,,,,,,,,,
energy,9001,50,15,100,0.0,0.0,0,,,,,,,,,
energy,9001,50,15,150,0.0,0.0,0,,,,,,,,,
energy,9001,60,2,25,0.0,0.0,0,,,,,,,,,
energy,9001,60,2,50,0.0,0.0,0,,,,,,,,,
energy,9001,60,2,100,0.0,0.0,0,,,,,,,,,
energy,9001,60,2,150,0.0,0.0,0,,,,,,,,,
energy,9001,60,5,25,0.0,0.0,0,,,,,,,,,
energy,9001,60,5,50,0.0,0.0,0,,,,,,,,,
energy,9001,60,5,100,0.0,0.0,0,,,,,,,,,
energy,9001,60,5,150,0.0,0.0,0,,,,,,,,,
energy,9001,60,8,25,0.0,0.0,0,,,,,,,,,
energy,9001,60,8,50,0.0,0.0,0,,,,,,,,,
energy,9001,60,8,100,0.0,0.0,0,,,,,,,,,
energy,9001,60,8,150,0.0,0.0,0,,,,,,,,,
energy,9001,60,10,25,0.0,0.0,0,,,,,,,,,
energy,9001,60,10,50,0.0,0.0,0,,,,,,,,,
energy,9001,60,10,100,0.0,0.0,0,,,,,,,,,
energy,9001,60,10,150,0.0,0.0,0,,,,,,,,,
energy,9001,60,12,25,0.0,0.0,0,,,,,,,,,
energy,9001,60,12,50,0.0,0.0,0,,,,,,,,,
energy,9001,60,12,100,0.0,0.0,0,,,,,,,,,
energy,9001,60,12,150,0.0,0.0,0,,,,,,,,,
energy,9001,60,15,25,0.0,0.0,0,,,,,,,,,
energy,9001,60,15,50,0.0,0.0,0,,,,,,,,,
energy,9001,60,15,100,0.0,0.0,0,,,,,,,,,
energy,9001,60,15,150,0.0,0.0,0,,,,,,,,,
energy,9001,70,2,25,0.0,0.0,0,,,,,,,,,
energy,9001,70,2,50,0.0,0.0,0,,,,,,,,,
energy,9001,70,2,100,0.0,0.0,0,,,,,,,,,
energy,9001,70,2,150,0.0,0.0,0,,,,,,,,,
energy,9001,70,5,25,0.0,0.0,0,,,,,,,,,
energy,9001,70,5,50,0.0,0.0,0,,,,,,,,,
energy,9001,70,5,100,0.0,0.0,0,,,,,,,,,
energy,9001,70,5,150,0.0,0.0,0,,,,,,,,,
energy,9001,70,8,25,0.0,0.0,0,,,,,,,,,
energy,9001,70,8,50,0.0,0.0,0,,,,,,,,,
energy,9001,70,8,100,0.0,0.0,0,,,,,,,,,
energy,9001,70,8,150,0.0,0.0,0,,,,,,,,,
energy,9001,70,10,25,0.0,0.0,0,,,,,,,,,
energy,9001,70,10,50,0.0,0.0,0,,,,,,,,,
energy,9001,70,10,100,0.0,0.0,0,,,,,,,,,
energy,9001,70,10,150,0.0,0.0,0,,,,,,,,,
energy,9001,70,12,25,0.0,0.0,0,,,,,,,,,
energy,9001,70,12,50,0.0,0.0,0,,,,,,,,,
energy,9001,70,12,100,0.0,0.0,0,,,,,,,,,
energy,9001,70,12,150,0.0,0.0,0,,,,,,,,,
energy,9001,70,15,25,0.0,0.0,0,,,,,,,,,
energy,9001,70,15,50,0.0,0.0,0,,,,,,,,,
energy,9001,70,15,100,0.0,0.0,0,,,,,,,,,
energy,9001,70,15,150,0.0,0.0,0,,,,,,,,,
energy,9001,80,2,25,0.0,0.0,0,,,,,,,,,
energy,9001,80,2,50,0.0,0.0,0,,,,,,,,,
energy,9001,80,2,100,0.0,0.0,0,,,,,,,,,
energy,9001,80,2,150,0.0,0.0,0,,,,,,,,,
energy,9001,80,5,25,0.0,0.0,0,,,,,,,,,
energy,9001,80,5,50,0.0,0.0,0,,,,,,,,,
energy,9001,80,5,100,0.0,0.0,0,,,,,,,,,
energy,9001,80,5,150,0.0,0.0,0,,,,,,,,,
energy,9001,80,8,25,0.0,0.0,0,,,,,,,,,
energy,9001,80,8,50,0.0,0.0,0,,,,,,,,,
energy,9001,80,8,100,0.0,0.0,0,,,,,,,,,
energy,9001,80,8,150,0.0,0.0,0,,,,,,,,,
energy,9001,80,10,25,0.0,0.0,0,,,,,,,,,
energy,9001,80,10,50,0.0,0.0,0,,,,,,,,,
energy,9001,80,10,100,0.0,0.0,0,,,,,,,,,
energy,9001,80,10,150,0.0,0.0,0,,,,,,,,,
energy,9001,80,12,25,0.0,0.0,0,,,,,,,,,
energy,9001,80,12,50,0.0,0.0,0,,,,,,,,,
energy,9001,80,12,100,0.0,0.0,0,,,,,,,,,
energy,9001,80,12,150,0.0,0.0,0,,,,,,,,,
energy,9001,80,15,25,0.0,0.0,0,,,,,,,,,
energy,9001,80,15,50,0.0,0.0,0,,,,,,,,,
energy,9001,80,15,100,0.0,0.0,0,,,,,,,,,
energy,9001,80,15,150,0.0,0.0,0,,,,,,,,,
energy,9002,5,2,25,0.0,0.0,0,,,,,,,,,
energy,9002,5,2,50,0.0,0.0,0,,,,,,,,,
energy,9002,5,2,100,0.0,0.0,0,,,,,,,,,
energy,9002,5,2,150,0.0,0.0,0,,,,,,,,,
energy,9002,5,5,25,0.0,0.0,0,,,,,,,,,
energy,9002,5,5,50,0.0,0.0,0,,,,,,,,,
energy,9002,5,5,100,0.0,0.0,0,,,,,,,,,
energy,9002,5,5,150,0.0,0.0,0,,,,,,,,,
energy,9002,5,8,25,0.0,0.0,0,,,,,,,,,
energy,9002,5,8,50,0.0,0.0,0,,,,,,,,,
energy,9002,5,8,100,0.0,0.0,0,,,,,,,,,
energy,9002,5,8,150,0.0,0.0,0,,,,,,,,,
energy,9002,5,10,25,0.0,0.0,0,,,,,,,,,
energy,9002,5,10,50,0.0,0.0,0,,,,,,,,,
energy,9002,5,10,100,0.0,0.0,0,,,,,,,,,
energy,9002,5,10,150,0.0,0.0,0,,,,,,,,,
energy,9002,5,12,25,0.0,0.0,0,,,,,,,,,
energy,9002,5,12,50,0.0,0.0,0,,,,,,,,,
energy,9002,5,12,100,0.0,0.0,0,,,,,,,,,
energy,9002,5,12,150,0.0,0.0,0,,,,,,,,,
energy,9002,5,15,25,0.0,0.0,0,,,,,,,,,
energy,9002,5,15,50,0.0,0.0,0,,,,,,,,,
energy,9002,5,15,100,0.0,0.0,0,,,,,,,,,
energy,9002,5,15,150,0.0,0.0,0,,,,,,,,,
energy,9002,10,2,25,0.0,0.0,0,,,,,,,,,
energy,9002,10,2,50,0.0,0.0,0,,,,,,,,,
energy,9002,10,2,100,0.0,0.0,0,,,,,,,,,
energy,9002,10,2,150,0.0,0.0,0,,,,,,,,,
energy,9002,10,5,25,0.0,0.0,0,,,,,,,,,
energy,9002,10,5,50,0.0,0.0,0,,,,,,,,,
energy,9002,10,5,100,0.0,0.0,0,,,,,,,,,
energy,9002,10,5,150,0.0,0.0,0,,,,,,,,,
energy,9002,10,8,25,0.0,0.0,0,,,,,,,,,
energy,9002,10,8,50,0.0,0.0,0,,,,,,,,,
energy,9002,10,8,100,0.0,0.0,0,,,,,,,,,
energy,9002,10,8,150,0.0,0.0,0,,,,,,,,,
energy,9002,10,10,25,0.0,0.0,0,,,,,,,,,
energy,9002,10,10,50,0.0,0.0,0,,,,,,,,,
energy,9002,10,10,100,0.0,0.0,0,,,,,,,,,
energy,9002,10,10,150,0.0,0.0,0,,,,,,,,,
energy,9002,10,12,25,0.0,0.0,0,,,,,,,,,
energy,9002,10,12,50,0.0,0.0,0,,,,,,,,,
energy,9002,10,12,100,0.0,0.0,0,,,,,,,,,
energy,9002,10,12,150,0.0,0.0,0,,,,,,,,,
energy,9002,10,15,25,0.0,0.0,0,,,,,,,,,
energy,9002,10,15,50,0.0,0.0,0,,,,,,,,,
energy,9002,10,15,100,0.0,0.0,0,,,,,,,,,
energy,9002,10,15,150,0.0,0.0,0,,,,,,,,,
energy,9002,15,2,25,0.0,0.0,0,,,,,,,,,
energy,9002,15,2,50,0.0,0.0,0,,,,,,,,,
energy,9002,15,2,100,0.0,0.0,0,,,,,,,,,
energy,9002,15,2,150,0.0,0.0,0,,,,,,,,,
energy,9002,15,5,25,0.0,0.0,0,,,,,,,,,
energy,9002,15,5,50,0.0,0.0,0,,,,,,,,,
energy,9002,15,5,100,0.0,0.0,0,,,,,,,,,
energy,9002,15,5,150,0.0,0.0,0,,,,,,,,,
energy,9002,15,8,25,0.0,0.0,0,,,,,,,,,
energy,9002,15,8,50,0.0,0.0,0,,,,,,,,,
energy,9002,15,8,100,0.0,0.0,0,,,,,,,,,
energy,9002,15,8,150,0.0,0.0,0,,,,,,,,,
energy,9002,15,10,25,0.0,0.0,0,,,,,,,,,
energy,9002,15,10,50,0.0,0.0,0,,,,,,,,,
energy,9002,15,10,100,0.0,0.0,0,,,,,,,,,
energy,9002,15,10,150,0.0,0.0,0,,,,,,,,,
energy,9002,15,12,25,0.0,0.0,0,,,,,,,,,
energy,9002,15,12,50,0.0,0.0,0,,,,,,,,,
energy,9002,15,12,100,0.0,0.0,0,,,,,,,,,
energy,9002,15,12,150,0.0,0.0,0,,,,,,,,,
energy,9002,15,15,25,0.0,0.0,0,,,,,,,,,
energy,9002,15,15,50,0.0,0.0,0,,,,,,,,,
energy,9002,15,15,100,0.0,0.0,0,,,,,,,,,
energy,9002,15,15,150,0.0,0.0,0,,,,,,,,,
energy,9002,20,2,25,0.0,0.0,0,,,,,,,,,
energy,9002,20,2,50,0.0,0.0,0,,,,,,,,,
energy,9002,20,2,100,0.0,0.0,0,,,,,,,,,
energy,9002,20,2,150,0.0,0.0,0,,,,,,,,,
energy,9002,20,5,25,0.0,0.0,0,,,,,,,,,
energy,9002,20,5,50,0.0,0.0,0,,,,,,,,,
energy,9002,20,5,100,0.0,0.0,0,,,,,,,,,
energy,9002,20,5,150,0.0,0.0,0,,,,,,,,,
energy,9002,20,8,25,0.0,0.0,0,,,,,,,,,
energy,9002,20,8,50,0.0,0.0,0,,,,,,,,,
energy,9002,20,8,100,0.0,0.0,0,,,,,,,,,
energy,9002,20,8,150,0.0,0.0,0,,,,,,,,,
energy,9002,20,10,25,0.0,0.0,0,,,,,,,,,
energy,9002,20,10,50,0.0,0.0,0,,,,,,,,,
energy,9002,20,10,100,0.0,0.0,0,,,,,,,,,
energy,9002,20,10,150,0.0,0.0,0,,,,,,,,,
energy,9002,20,12,25,0.0,0.0,0,,,,,,,,,
energy,9002,20,12,50,0.0,0.0,0,,,,,,,,,
energy,9002,20,12,100,0.0,0.0,0,,,,,,,,,
energy,9002,20,12,150,0.0,0.0,0,,,,,,,,,
energy,9002,20,15,25,0.0,0.0,0,,,,,,,,,
energy,9002,20,15,50,0.0,0.0,0,,,,,,,,,
energy,9002,20,15,100,0.0,0.0,0,,,,,,,,,
energy,9002,20,15,150,0.0,0.0,0,,,,,,,,,
energy,9002,30,2,25,0.0,0.0,0,,,,,,,,,
energy,9002,30,2,50,0.0,0.0,0,,,,,,,,,
energy,9002,30,2,100,0.0,0.0,0,,,,,,,,,
energy,9002,30,2,150,0.0,0.0,0,,,,,,,,,
energy,9002,30,5,25,0.0,0.0,0,,,,,,,,,
energy,9002,30,5,50,0.0,0.0,0,,,,,,,,,
energy,9002,30,5,100,0.0,0.0,0,,,,,,,,,
energy,9002,30,5,150,0.0,0.0,0,,,,,,,,,
energy,9002,30,8,25,0.0,0.0,0,,,,,,,,,
energy,9002,30,8,50,0.0,0.0,0,,,,,,,,,
energy,9002,30,8,100,0.0,0.0,0,,,,,,,,,
energy,9002,30,8,150,0.0,0.0,0,,,,,,,,,
energy,9002,30,10,25,0.0,0.0,0,,,,,,,,,
energy,9002,30,10,50,0.0,0.0,0,,,,,,,,,
energy,9002,30,10,100,0.0,0.0,0,,,,,,,,,
energy,9002,30,10,150,0.0,0.0,0,,,,,,,,,
energy,9002,30,12,25,0.0,0.0,0,,,,,,,,,
energy,9002,30,12,50,0.0,0.0,0,,,,,,,,,
energy,9002,30,12,100,0.0,0.0,0,,,,,,,,,
energy,9002,30,12,150,0.0,0.0,0,,,,,,,,,
energy,9002,30,15,25,0.0,0.0,0,,,,,,,,,
energy,9002,30,15,50,0.0,0.0,0,,,,,,,,,
energy,9002,30,15,100,0.0,0.0,0,,,,,,,,,
energy,9002,30,15,150,0.0,0.0,0,,,,,,,,,
energy,9002,40,2,25,0.0,0.0,0,,,,,,,,,
energy,9002,40,2,50,0.0,0.0,0,,,,,,,,,
energy,9002,40,2,100,0.0,0.0,0,,,,,,,,,
energy,9002,40,2,150,0.0,0.0,0,,,,,,,,,
energy,9002,40,5,25,0.0,0.0,0,,,,,,,,,
energy,9002,40,5,50,0.0,0.0,0,,,,,,,,,
energy,9002,40,5,100,0.0,0.0,0,,,,,,,,,
energy,9002,40,5,150,0.0,0.0,0,,,,,,,,,
energy,9002,40,8,25,0.0,0.0,0,,,,,,,,,
energy,9002,40,8,50,0.0,0.0,0,,,,,,,,,
energy,9002,40,8,100,0.0,0.0,0,,,,,,,,,
energy,9002,40,8,150,0.0,0.0,0,,,,,,,,,
energy,9002,40,10,25,0.0,0.0,0,,,,,,,,,
energy,9002,40,10,50,0.0,0.0,0,,,,,,,,,
energy,9002,40,10,100,0.0,0.0,0,,,,,,,,,
energy,9002,40,10,150,0.0,0.0,0,,,,,,,,,
energy,9002,40,12,25,0.0,0.0,0,,,,,,,,,
energy,9002,40,12,50,0.0,0.0,0,,,,,,,,,
energy,9002,40,12,100,0.0,0.0,0,,,,,,,,,
energy,9002,40,12,150,0.0,0.0,0,,,,,,,,,
energy,9002,40,15,25,0.0,0.0,0,,,,,,,,,
energy,9002,40,15,50,0.0,0.0,0,,,,,,,,,
energy,9002,40,15,100,0.0,0.0,0,,,,,,,,,
energy,9002,40,15,150,0.0,0.0,0,,,,,,,,,
energy,9002,50,2,25,0.0,0.0,0,,,,,,,,,
energy,9002,50,2,50,0.0,0.0,0,,,,,,,,,
energy,9002,50,2,100,0.0,0.0,0,,,,,,,,,
energy,9002,50,2,150,0.0,0.0,0,,,,,,,,,
energy,9002,50,5,25,0.0,0.0,0,,,,,,,,,
energy,9002,50,5,50,0.0,0.0,0,,,,,,,,,
energy,9002,50,5,100,0.0,0.0,0,,,,,,,,,
energy,9002,50,5,150,0.0,0.0,0,,,,,,,,,
energy,9002,50,8,25,0.0,0.0,0,,,,,,,,,
energy,9002,50,8,50,0.0,0.0,0,,,,,,,,,
energy,9002,50,8,100,0.0,0.0,0,,,,,,,,,
energy,9002,50,8,150,0.0,0.0,0,,,,,,,,,
energy,9002,50,10,25,0.0,0.0,0,,,,,,,,,
energy,9002,50,10,50,0.0,0.0,0,,,,,,,,,
energy,9002,50,10,100,0.0,0.0,0,,,,,,,,,
energy,9002,50,10,150,0.0,0.0,0,,,,,,,,,
energy,9002,50,12,25,0.0,0.0,0,,,,,,,,,
energy,9002,50,12,50,0.0,0.0,0,,,,,,,,,
energy,9002,50,12,100,0.0,0.0,0,,,,,,,,,
energy,9002,50,12,150,0.0,0.0,0,,,,,,,,,
energy,9002,50,15,25,0.0,0.0,0,,,,,,,,,
energy,9002,50,15,50,0.0,0.0,0,,,,,,,,,
energy,9002,50,15,100,0.0,0.0,0,,,,,,,,,
energy,9002,50,15,150,0.0,0.0,0,,,,,,,,,
energy,9002,60,2,25,0.0,0.0,0,,,,,,,,,
energy,9002,60,2,50,0.0,0.0,0,,,,,,,,,
energy,9002,60,2,100,0.0,0.0,0,,,,,,,,,
energy,9002,60,2,150,0.0,0.0,0,,,,,,,,,
energy,9002,60,5,25,0.0,0.0,0,,,,,,,,,
energy,9002,60,5,50,0.0,0.0,0,,,,,,,,,
energy,9002,60,5,100,0.0,0.0,0,,,,,,,,,
energy,9002,60,5,150,0.0,0.0,0,,,,,,,,,
energy,9002,60,8,25,0.0,0.0,0,,,,,,,,,
energy,9002,60,8,50,0.0,0.0,0,,,,,,,,,
energy,9002,60,8,100,0.0,0.0,0,,,,,,,,,
energy,9002,60,8,150,0.0,0.0,0,,,,,,,,,
energy,9002,60,10,25,0.0,0.0,0,,,,,,,,,
energy,9002,60,10,50,0.0,0.0,0,,,,,,,,,
energy,9002,60,10,100,0.0,0.0,0,,,,,,,,,
energy,9002,60,10,150,0.0,0.0,0,,,,,,,,,
energy,9002,60,12,25,0.0,0.0,0,,,,,,,,,
energy,9002,60,12,50,0.0,0.0,0,,,,,,,,,
energy,9002,60,12,100,0.0,0.0,0,,,,,,,,,
energy,9002,60,12,150,0.0,0.0,0,,,,,,,,,
energy,9002,60,15,25,0.0,0.0,0,,,,,,,,,
energy,9002,60,15,50,0.0,0.0,0,,,,,,,,,
energy,9002,60,15,100,0.0,0.0,0,,,,,,,,,
energy,9002,60,15,150,0.0,0.0,0,,,,,,,,,
energy,9002,70,2,25,0.0,0.0,0,,,,,,,,,
energy,9002,70,2,50,0.0,0.0,0,,,,,,,,,
energy,9002,70,2,100,0.0,0.0,0,,,,,,,,,
energy,9002,70,2,150,0.0,0.0,0,,,,,,,,,
energy,9002,70,5,25,0.0,0.0,0,,,,,,,,,
energy,9002,70,5,50,0.0,0.0,0,,,,,,,,,
energy,9002,70,5,100,0.0,0.0,0,,,,,,,,,
energy,9002,70,5,150,0.0,0.0,0,,,,,,,,,
energy,9002,70,8,25,0.0,0.0,0,,,,,,,,,
energy,9002,70,8,50,0.0,0.0,0,,,,,,,,,
energy,9002,70,8,100,0.0,0.0,0,,,,,,,,,
energy,9002,70,8,150,0.0,0.0,0,,,,,,,,,
energy,9002,70,10,25,0.0,0.0,0,,,,,,,,,
energy,9002,70,10,50,0.0,0.0,0,,,,,,,,,
energy,9002,70,10,100,0.0,0.0,0,,,,,,,,,
energy,9002,70,10,150,0.0,0.0,0,,,,,,,,,
energy,9002,70,12,25,0.0,0.0,0,,,,,,,,,
energy,9002,70,12,50,0.0,0.0,0,,,,,,,,,
energy,9002,70,12,100,0.0,0.0,0,,,,,,,,,
energy,9002,70,12,150,0.0,0.0,0,,,,,,,,,
energy,9002,70,15,25,0.0,0.0,0,,,,,,,,,
energy,9002,70,15,50,0.0,0.0,0,,,,,,,,,
energy,9002,70,15,100,0.0,0.0,0,,,,,,,,,
energy,9002,70,15,150,0.0,0.0,0,,,,,,,,,
energy,9002,80,2,25,0.0,0.0,0,,,,,,,,,
energy,9002,80,2,50,0.0,0.0,0,,,,,,,,,
energy,9002,80,2,100,0.0,0.0,0,,,,,,,,,
energy,9002,80,2,150,0.0,0.0,0,,,,,,,,,
energy,9002,80,5,25,0.0,0.0,0,,,,,,,,,
energy,9002,80,5,50,0.0,0.0,0,,,,,,,,,
energy,9002,80,5,100,0.0,0.0,0,,,,,,,,,
energy,9002,80,5,150,0.0,0.0,0,,,,,,,,,
energy,9002,80,8,25,0.0,0.0,0,,,,,,,,,
energy,9002,80,8,50,0.0,0.0,0,,,,,,,,,
energy,9002,80,8,100,0.0,0.0,0,,,,,,,,,
energy,9002,80,8,150,0.0,0.0,0,,,,,,,,,
energy,9002,80,10,25,0.0,0.0,0,,,,,,,,,
energy,9002,80,10,50,0.0,0.0,0,,,,,,,,,
energy,9002,80,10,100,0.0,0.0,0,,,,,,,,,
energy,9002,80,10,150,0.0,0.0,0,,,,,,,,,
energy,9002,80,12,25,0.0,0.0,0,,,,,,,,,
energy,9002,80,12,50,0.0,0.0,0,,,,,,,,,
energy,9002,80,12,100,0.0,0.0,0,,,,,,,,,
energy,9002,80,12,150,0.0,0.0,0,,,,,,,,,
energy,9002,80,15,25,0.0,0.0,0,,,,,,,,,
energy,9002,80,15,50,0.0,0.0,0,,,,,,,,,
energy,9002,80,15,100,0.0,0.0,0,,,,,,,,,
energy,9002,80,15,150,0.0,0.0,0,,,,,,,,,
energy,9003,5,2,25,0.0,0.0,0,,,,,,,,,
energy,9003,5,2,50,0.0,0.0,0,,,,,,,,,
energy,9003,5,2,100,0.0,0.0,0,,,,,,,,,
energy,9003,5,2,150,0.0,0.0,0,,,,,,,,,
energy,9003,5,5,25,0.0,0.0,0,,,,,,,,,
energy,9003,5,5,50,0.0,0.0,0,,,,,,,,,
energy,9003,5,5,100,0.0,0.0,0,,,,,,,,,
energy,9003,5,5,150,0.0,0.0,0,,,,,,,,,
energy,9003,5,8,25,0.0,0.0,0,,,,,,,,,
energy,9003,5,8,50,0.0,0.0,0,,,,,,,,,
energy,9003,5,8,100,0.0,0.0,0,,,,,,,,,
energy,9003,5,8,150,0.0,0.0,0,,,,,,,,,
energy,9003,5,10,25,0.0,0.0,0,,,,,,,,,
energy,9003,5,10,50,0.0,0.0,0,,,,,,,,,
energy,9003,5,10,100,0.0,0.0,0,,,,,,,,,
energy,9003,5,10,150,0.0,0.0,0,,,,,,,,,
energy,9003,5,12,25,0.0,0.0,0,,,,,,,,,
energy,9003,5,12,50,0.0,0.0,0,,,,,,,,,
energy,9003,5,12,100,0.0,0.0,0,,,,,,,,,
energy,9003,5,12,150,0.0,0.0,0,,,,,,,,,
energy,9003,5,15,25,0.0,0.0,0,,,,,,,,,
energy,9003,5,15,50,0.0,0.0,0,,,,,,,,,
energy,9003,5,15,100,0.0,0.0,0,,,,,,,,,
energy,9003,5,15,150,0.0,0.0,0,,,,,,,,,
energy,9003,10,2,25,0.0,0.0,0,,,,,,,,,
energy,9003,10,2,50,0.0,0.0,0,,,,,,,,,
energy,9003,10,2,100,0.0,0.0,0,,,,,,,,,
energy,9003,10,2,150,0.0,0.0,0,,,,,,,,,
energy,9003,10,5,25,0.0,0.0,0,,,,,,,,,
energy,9003,10,5,50,0.0,0.0,0,,,,,,,,,
energy,9003,10,5,100,0.0,0.0,0,,,,,,,,,
energy,9003,10,5,150,0.0,0.0,0,,,,,,,,,
energy,9003,10,8,25,0.0,0.0,0,,,,,,,,,
energy,9003,10,8,50,0.0,0.0,0,,,,,,,,,
energy,9003,10,8,100,0.0,0.0,0,,,,,,,,,
energy,9003,10,8,150,0.0,0.0,0,,,,,,,,,
energy,9003,10,10,25,0.0,0.0,0,,,,,,,,,
energy,9003,10,10,50,0.0,0.0,0,,,,,,,,,
energy,9003,10,10,100,0.0,0.0,0,,,,,,,,,
energy,9003,10,10,150,0.0,0.0,0,,,,,,,,,
energy,9003,10,12,25,0.0,0.0,0,,,,,,,,,
energy,9003,10,12,50,0.0,0.0,0,,,,,,,,,
energy,9003,10,12,100,0.0,0.0,0,,,,,,,,,
energy,9003,10,12,150,0.0,0.0,0,,,,,,,,,
energy,9003,10,15,25,0.0,0.0,0,,,,,,,,,
energy,9003,10,15,50,0.0,0.0,0,,,,,,,,,
energy,9003,10,15,100,0.0,0.0,0,,,,,,,,,
energy,9003,10,15,150,0.0,0.0,0,,,,,,,,,
energy,9003,15,2,25,0.0,0.0,0,,,,,,,,,
energy,9003,15,2,50,0.0,0.0,0,,,,,,,,,
energy,9003,15,2,100,0.0,0.0,0,,,,,,,,,
energy,9003,15,2,150,0.0,0.0,0,,,,,,,,,
energy,9003,15,5,25,0.0,0.0,0,,,,,,,,,
energy,9003,15,5,50,0.0,0.0,0,,,,,,,,,
energy,9003,15,5,100,0.0,0.0,0,,,,,,,,,
energy,9003,15,5,150,0.0,0.0,0,,,,,,,,,
energy,9003,15,8,25,0.0,0.0,0,,,,,,,,,
energy,9003,15,8,50,0.0,0.0,0,,,,,,,,,
energy,9003,15,8,100,0.0,0.0,0,,,,,,,,,
energy,9003,15,8,150,0.0,0.0,0,,,,,,,,,
energy,9003,15,10,25,0.0,0.0,0,,,,,,,,,
energy,9003,15,10,50,0.0,0.0,0,,,,,,,,,
energy,9003,15,10,100,0.0,0.0,0,,,,,,,,,
energy,9003,15,10,150,0.0,0.0,0,,,,,,,,,
energy,9003,15,12,25,0.0,0.0,0,,,,,,,,,
energy,9003,15,12,50,0.0,0.0,0,,,,,,,,,
energy,9003,15,12,100,0.0,0.0,0,,,,,,,,,
energy,9003,15,12,150,0.0,0.0,0,,,,,,,,,
energy,9003,15,15,25,0.0,0.0,0,,,,,,,,,
energy,9003,15,15,50,0.0,0.0,0,,,,,,,,,
energy,9003,15,15,100,0.0,0.0,0,,,,,,,,,
energy,9003,15,15,150,0.0,0.0,0,,,,,,,,,
energy,9003,20,2,25,0.0,0.0,0,,,,,,,,,
energy,9003,20,2,50,0.0,0.0,0,,,,,,,,,
energy,9003,20,2,100,0.0,0.0,0,,,,,,,,,
energy,9003,20,2,150,0.0,0.0,0,,,,,,,,,
energy,9003,20,5,25,0.0,0.0,0,,,,,,,,,
energy,9003,20,5,50,0.0,0.0,0,,,,,,,,,
energy,9003,20,5,100,0.0,0.0,0,,,,,,,,,
energy,9003,20,5,150,0.0,0.0,0,,,,,,,,,
energy,9003,20,8,25,0.0,0.0,0,,,,,,,,,
energy,9003,20,8,50,0.0,0.0,0,,,,,,,,,
energy,9003,20,8,100,0.0,0.0,0,,,,,,,,,
energy,9003,20,8,150,0.0,0.0,0,,,,,,,,,
energy,9003,20,10,25,0.0,0.0,0,,,,,,,,,
energy,9003,20,10,50,0.0,0.0,0,,,,,,,,,
energy,9003,20,10,100,0.0,0.0,0,,,,,,,,,
energy,9003,20,10,150,0.0,0.0,0,,,,,,,,,
energy,9003,20,12,25,0.0,0.0,0,,,,,,,,,
energy,9003,20,12,50,0.0,0.0,0,,,,,,,,,
energy,9003,20,12,100,0.0,0.0,0,,,,,,,,,
energy,9003,20,12,150,0.0,0.0,0,,,,,,,,,
energy,9003,20,15,25,0.0,0.0,0,,,,,,,,,
energy,9003,20,15,50,0.0,0.0,0,,,,,,,,,
energy,9003,20,15,100,0.0,0.0,0,,,,,,,,,
energy,9003,20,15,150,0.0,0.0,0,,,,,,,,,
energy,9003,30,2,25,0.0,0.0,0,,,,,,,,,
energy,9003,30,2,50,0.0,0.0,0,,,,,,,,,
energy,9003,30,2,100,0.0,0.0,0,,,,,,,,,
energy,9003,30,2,150,0.0,0.0,0,,,,,,,,,
energy,9003,30,5,25,0.0,0.0,0,,,,,,,,,
energy,9003,30,5,50,0.0,0.0,0,,,,,,,,,
energy,9003,30,5,100,0.0,0.0,0,,,,,,,,,
energy,9003,30,5,150,0.0,0.0,0,,,,,,,,,
energy,9003,30,8,25,0.0,0.0,0,,,,,,,,,
energy,9003,30,8,50,0.0,0.0,0,,,,,,,,,
energy,9003,30,8,100,0.0,0.0,0,,,,,,,,,
energy,9003,30,8,150,0.0,0.0,0,,,,,,,,,
energy,9003,30,10,25,0.0,0.0,0,,,,,,,,,
energy,9003,30,10,50,0.0,0.0,0,,,,,,,,,
energy,9003,30,10,100,0.0,0.0,0,,,,,,,,,
energy,9003,30,10,150,0.0,0.0,0,,,,,,,,,
energy,9003,30,12,25,0.0,0.0,0,,,,,,,,,
energy,9003,30,12,50,0.0,0.0,0,,,,,,,,,
energy,9003,30,12,100,0.0,0.0,0,,,,,,,,,
energy,9003,30,12,150,0.0,0.0,0,,,,,,,,,
energy,9003,30,15,25,0.0,0.0,0,,,,,,,,,
energy,9003,30,15,50,0.0,0.0,0,,,,,,,,,
energy,9003,30,15,100,0.0,0.0,0,,,,,,,,,
energy,9003,30,15,150,0.0,0.0,0,,,,,,,,,
energy,9003,40,2,25,0.0,0.0,0,,,,,,,,,
energy,9003,40,2,50,0.0,0.0,0,,,,,,,,,
energy,9003,40,2,100,0.0,0.0,0,,,,,,,,,
energy,9003,40,2,150,0.0,0.0,0,,,,,,,,,
energy,9003,40,5,25,0.0,0.0,0,,,,,,,,,
energy,9003,40,5,50,0.0,0.0,0,,,,,,,,,
energy,9003,40,5,100,0.0,0.0,0,,,,,,,,,
energy,9003,40,5,150,0.0,0.0,0,,,,,,,,,
energy,9003,40,8,25,0.0,0.0,0,,,,,,,,,
energy,9003,40,8,50,0.0,0.0,0,,,,,,,,,
energy,9003,40,8,100,0.0,0.0,0,,,,,,,,,
energy,9003,40,8,150,0.0,0.0,0,,,,,,,,,
energy,9003,40,10,25,0.0,0.0,0,,,,,,,,,
energy,9003,40,10,50,0.0,0.0,0,,,,,,,,,
energy,9003,40,10,100,0.0,0.0,0,,,,,,,,,
energy,9003,40,10,150,0.0,0.0,0,,,,,,,,,
energy,9003,40,12,25,0.0,0.0,0,,,,,,,,,
energy,9003,40,12,50,0.0,0.0,0,,,,,,,,,
energy,9003,40,12,100,0.0,0.0,0,,,,,,,,,
energy,9003,40,12,150,0.0,0.0,0,,,,,,,,,
energy,9003,40,15,25,0.0,0.0,0,,,,,,,,,
energy,9003,40,15,50,0.0,0.0,0,,,,,,,,,
energy,9003,40,15,100,0.0,0.0,0,,,,,,,,,
energy,9003,40,15,150,0.0,0.0,0,,,,,,,,,
energy,9003,50,2,25,0.0,0.0,0,,,,,,,,,
energy,9003,50,2,50,0.0,0.0,0,,,,,,,,,
energy,9003,50,2,100,0.0,0.0,0,,,,,,,,,
energy,9003,50,2,150,0.0,0.0,0,,,,,,,,,
energy,9003,50,5,25,0.0,0.0,0,,,,,,,,,
energy,9003,50,5,50,0.0,0.0,0,,,,,,,,,
energy,9003,50,5,100,0.0,0.0,0,,,,,,,,,
energy,9003,50,5,150,0.0,0.0,0,,,,,,,,,
energy,9003,50,8,25,0.0,0.0,0,,,,,,,,,
energy,9003,50,8,50,0.0,0.0,0,,,,,,,,,
energy,9003,50,8,100,0.0,0.0,0,,,,,,,,,
energy,9003,50,8,150,0.0,0.0,0,,,,,,,,,
energy,9003,50,10,25,0.0,0.0,0,,,,,,,,,
energy,9003,50,10,50,0.0,0.0,0,,,,,,,,,
energy,9003,50,10,100,0.0,0.0,0,,,,,,,,,
energy,9003,50,10,150,0.0,0.0,0,,,,,,,,,
energy,9003,50,12,25,0.0,0.0,0,,,,,,,,,
energy,9003,50,12,50,0.0,0.0,0,,,,,,,,,
energy,9003,50,12,100,0.0,0.0,0,,,,,,,,,
energy,9003,50,12,150,0.0,0.0,0,,,,,,,,,
energy,9003,50,15,25,0.0,0.0,0,,,,,,,,,
energy,9003,50,15,50,0.0,0.0,0,,,,,,,,,
energy,9003,50,15,100,0.0,0.0,0,,,,,,,,,
energy,9003,50,15,150,0.0,0.0,0,,,,,,,,,
energy,9003,60,2,25,0.0,0.0,0,,,,,,,,,
energy,9003,60,2,50,0.0,0.0,0,,,,,,,,,
energy,9003,60,2,100,0.0,0.0,0,,,,,,,,,
energy,9003,60,2,150,0.0,0.0,0,,,,,,,,,
energy,9003,60,5,25,0.0,0.0,0,,,,,,,,,
energy,9003,60,5,50,0.0,0.0,0,,,,,,,,,
energy,9003,60,5,100,0.0,0.0,0,,,,,,,,,
energy,9003,60,5,150,0.0,0.0,0,,,,,,,,,
energy,9003,60,8,25,0.0,0.0,0,,,,,,,,,
energy,9003,60,8,50,0.0,0.0,0,,,,,,,,,
energy,9003,60,8,100,0.0,0.0,0,,,,,,,,,
energy,9003,60,8,150,0.0,0.0,0,,,,,,,,,
energy,9003,60,10,25,0.0,0.0,0,,,,,,,,,
energy,9003,60,10,50,0.0,0.0,0,,,,,,,,,
energy,9003,60,10,100,0.0,0.0,0,,,,,,,,,
energy,9003,60,10,150,0.0,0.0,0,,,,,,,,,
energy,9003,60,12,25,0.0,0.0,0,,,,,,,,,
energy,9003,60,12,50,0.0,0.0,0,,,,,,,,,
energy,9003,60,12,100,0.0,0.0,0,,,,,,,,,
energy,9003,60,12,150,0.0,0.0,0,,,,,,,,,
energy,9003,60,15,25,0.0,0.0,0,,,,,,,,,
energy,9003,60,15,50,0.0,0.0,0,,,,,,,,,
energy,9003,60,15,100,0.0,0.0,0,,,,,,,,,
energy,9003,60,15,150,0.0,0.0,0,,,,,,,,,
energy,9003,70,2,25,0.0,0.0,0,,,,,,,,,
energy,9003,70,2,50,0.0,0.0,0,,,,,,,,,
energy,9003,70,2,100,0.0,0.0,0,,,,,,,,,
energy,9003,70,2,150,0.0,0.0,0,,,,,,,,,
energy,9003,70,5,25,0.0,0.0,0,,,,,,,,,
energy,9003,70,5,50,0.0,0.0,0,,,,,,,,,
energy,9003,70,5,100,0.0,0.0,0,,,,,,,,,
energy,9003,70,5,150,0.0,0.0,0,,,,,,,,,
energy,9003,70,8,25,0.0,0.0,0,,,,,,,,,
energy,9003,70,8,50,0.0,0.0,0,,,,,,,,,
energy,9003,70,8,100,0.0,0.0,0,,,,,,,,,
energy,9003,70,8,150,0.0,0.0,0,,,,,,,,,
energy,9003,70,10,25,0.0,0.0,0,,,,,,,,,
energy,9003,70,10,50,0.0,0.0,0,,,,,,,,,
energy,9003,70,10,100,0.0,0.0,0,,,,,,,,,
energy,9003,70,10,150,0.0,0.0,0,,,,,,,,,
energy,9003,70,12,25,0.0,0.0,0,,,,,,,,,
energy,9003,70,12,50,0.0,0.0,0,,,,,,,,,
energy,9003,70,12,100,0.0,0.0,0,,,,,,,,,
energy,9003,70,12,150,0.0,0.0,0,,,,,,,,,
energy,9003,70,15,25,0.0,0.0,0,,,,,,,,,
energy,9003,70,15,50,0.0,0.0,0,,,,,,,,,
energy,9003,70,15,100,0.0,0.0,0,,,,,,,,,
energy,9003,70,15,150,0.0,0.0,0,,,,,,,,,
energy,9003,80,2,25,0.0,0.0,0,,,,,,,,,
energy,9003,80,2,50,0.0,0.0,0,,,,,,,,,
energy,9003,80,2,100,0.0,0.0,0,,,,,,,,,
energy,9003,80,2,150,0.0,0.0,0,,,,,,,,,
energy,9003,80,5,25,0.0,0.0,0,,,,,,,,,
energy,9003,80,5,50,0.0,0.0,0,,,,,,,,,
energy,9003,80,5,100,0.0,0.0,0,,,,,,,,,
energy,9003,80,5,150,0.0,0.0,0,,,,,,,,,
energy,9003,80,8,25,0.0,0.0,0,,,,,,,,,
energy,9003,80,8,50,0.0,0.0,0,,,,,,,,,
energy,9003,80,8,100,0.0,0.0,0,,,,,,,,,
energy,9003,80,8,150,0.0,0.0,0,,,,,,,,,
energy,9003,80,10,25,0.0,0.0,0,,,,,,,,,
energy,9003,80,10,50,0.0,0.0,0,,,,,,,,,
energy,9003,80,10,100,0.0,0.0,0,,,,,,,,,
energy,9003,80,10,150,0.0,0.0,0,,,,,,,,,
energy,9003,80,12,25,0.0,0.0,0,,,,,,,,,
energy,9003,80,12,50,0.0,0.0,0,,,,,,,,,
energy,9003,80,12,100,0.0,0.0,0,,,,,,,,,
energy,9003,80,12,150,0.0,0.0,0,,,,,,,,,
energy,9003,80,15,25,0.0,0.0,0,,,,,,,,,
energy,9003,80,15,50,0.0,0.0,0,,,,,,,,,
energy,9003,80,15,100,0.0,0.0,0,,,,,,,,,
energy,9003,80,15,150,0.0,0.0,0,,,,,,,,,
heading,9001,40,10,100.0,0.0,0.0,,E,-1.3279717590757103,0.9721148927622824,,,,,,
heading,9001,40,10,100.0,0.0,0.0,,W,-1.3279717590757103,0.9721148927622824,,,,,,
heading,9001,40,10,100.0,0.0,0.0,,N,-1.3279717590757103,0.9721148927622824,,,,,,
heading,9001,40,10,100.0,0.0,0.0,,S,-1.3279717590757103,0.9721148927622824,,,,,,
heading,9001,40,10,141.4213562373095,0.0,0.0,,NE,-1.3279717590757103,0.9721148927622824,,,,,,
heading,9001,40,10,141.4213562373095,0.0,0.0,,NW,-1.3279717590757103,0.9721148927622824,,,,,,
heading,9001,40,10,141.4213562373095,0.0,0.0,,SE,-1.3279717590757103,0.9721148927622824,,,,,,
heading,9001,40,10,141.4213562373095,0.0,0.0,,SW,-1.3279717590757103,0.9721148927622824,,,,,,
heading,9002,40,10,100.0,0.0,0.0,,E,-0.3507351716529695,3.5331927041257143,,,,,,
heading,9002,40,10,100.0,0.0,0.0,,W,-0.3507351716529695,3.5331927041257143,,,,,,
heading,9002,40,10,100.0,0.0,0.0,,N,-0.3507351716529695,3.5331927041257143,,,,,,
heading,9002,40,10,100.0,0.0,0.0,,S,-0.3507351716529695,3.5331927041257143,,,,,,
heading,9002,40,10,141.4213562373095,0.0,0.0,,NE,-0.3507351716529695,3.5331927041257143,,,,,,
heading,9002,40,10,141.4213562373095,0.0,0.0,,NW,-0.3507351716529695,3.5331927041257143,,,,,,
heading,9002,40,10,141.4213562373095,0.0,0.0,,SE,-0.3507351716529695,3.5331927041257143,,,,,,
heading,9002,40,10,141.4213562373095,0.0,0.0,,SW,-0.3507351716529695,3.5331927041257143,,,,,,
heading,9003,40,10,100.0,0.0,0.0,,E,-3.0750121673892497,0.08899294190904214,,,,,,
heading,9003,40,10,100.0,0.0,0.0,,W,-3.0750121673892497,0.08899294190904214,,,,,,
heading,9003,40,10,100.0,0.0,0.0,,N,-3.0750121673892497,0.08899294190904214,,,,,,
heading,9003,40,10,100.0,0.0,0.0,,S,-3.0750121673892497,0.08899294190904214,,,,,,
heading,9003,40,10,141.4213562373095,0.0,0.0,,NE,-3.0750121673892497,0.08899294190904214,,,,,,
heading,9003,40,10,141.4213562373095,0.0,0.0,,NW,-3.0750121673892497,0.08899294190904214,,,,,,
heading,9003,40,10,141.4213562373095,0.0,0.0,,SE,-3.0750121673892497,0.08899294190904214,,,,,,
heading,9003,40,10,141.4213562373095,0.0,0.0,,SW,-3.0750121673892497,0.08899294190904214,,,,,,
detection,9001,5,10,,1,,0,,,,370.3624469846088,73.08610232137347,0,,,
detection,9001,5,10,,1,,0,,,,370.3624469846088,73.08610232137347,0,,,
detection,9001,5,10,,1,,0,,,,370.3624469846088,73.08610232137347,0,,,
detection,9001,5,10,,1,,0,,,,370.3624469846088,73.08610232137347,0,,,
detection,9001,5,10,,1,,0,,,,370.3624469846088,73.08610232137347,0,,,
detection,9001,5,10,,2,,0,,,,370.3624469846088,73.08610232137347,0,,,
detection,9001,5,10,,2,,0,,,,370.3624469846088,73.08610232137347,0,,,
detection,9001,5,10,,2,,0,,,,370.3624469846088,73.08610232137347,0,,,
detection,9001,5,10,,2,,0,,,,370.3624469846088,73.08610232137347,0,,,
detection,9001,5,10,,2,,0,,,,370.3624469846088,73.08610232137347,0,,,
detection,9001,5,10,,5,,0,,,,370.3624469846088,73.08610232137347,0,,,
detection,9001,5,10,,5,,0,,,,370.3624469846088,73.08610232137347,0,,,
detection,9001,5,10,,5,,0,,,,370.3624469846088,73.08610232137347,0,,,
detection,9001,5,10,,5,,0,,,,370.3624469846088,73.08610232137347,0,,,
detection,9001,5,10,,5,,0,,,,370.3624469846088,73.08610232137347,0,,,
detection,9001,5,10,,10,,0,,,,370.3624469846088,73.08610232137347,0,,,
detection,9001,5,10,,10,,0,,,,370.3624469846088,73.08610232137347,0,,,
detection,9001,5,10,,10,,0,,,,370.3624469846088,73.08610232137347,0,,,
detection,9001,5,10,,10,,0,,,,370.3624469846088,73.08610232137347,0,,,
detection,9001,5,10,,10,,0,,,,370.3624469846088,73.08610232137347,0,,,
detection,9001,5,10,,20,,0,,,,370.3624469846088,73.08610232137347,0,,,
detection,9001,5,10,,20,,0,,,,370.3624469846088,73.08610232137347,0,,,
detection,9001,5,10,,20,,0,,,,370.3624469846088,73.08610232137347,0,,,
detection,9001,5,10,,20,,0,,,,370.3624469846088,73.08610232137347,0,,,
detection,9001,5,10,,20,,0,,,,370.3624469846088,73.08610232137347,0,,,
detection,9001,10,10,,1,,0,,,,370.3624469846088,73.08610232137347,0,,,
detection,9001,10,10,,1,,0,,,,370.3624469846088,73.08610232137347,0,,,
detection,9001,10,10,,1,,0,,,,370.3624469846088,73.08610232137347,0,,,
detection,9001,10,10,,1,,0,,,,370.3624469846088,73.08610232137347,0,,,
detection,9001,10,10,,1,,0,,,,370.3624469846088,73.08610232137347,0,,,
detection,9001,10,10,,2,,0,,,,370.3624469846088,73.08610232137347,0,,,
detection,9001,10,10,,2,,0,,,,370.3624469846088,73.08610232137347,0,,,
detection,9001,10,10,,2,,0,,,,370.3624469846088,73.08610232137347,0,,,
detection,9001,10,10,,2,,0,,,,370.3624469846088,73.08610232137347,0,,,
detection,9001,10,10,,2,,0,,,,370.3624469846088,73.08610232137347,0,,,
detection,9001,10,10,,5,,0,,,,370.3624469846088,73.08610232137347,0,,,
detection,9001,10,10,,5,,0,,,,370.3624469846088,73.08610232137347,0,,,
detection,9001,10,10,,5,,0,,,,370.3624469846088,73.08610232137347,0,,,
detection,9001,10,10,,5,,0,,,,370.3624469846088,73.08610232137347,0,,,
detection,9001,10,10,,5,,0,,,,370.3624469846088,73.08610232137347,0,,,
detection,9001,10,10,,10,,0,,,,370.3624469846088,73.08610232137347,0,,,
detection,9001,10,10,,10,,0,,,,370.3624469846088,73.08610232137347,0,,,
detection,9001,10,10,,10,,0,,,,370.3624469846088,73.08610232137347,0,,,
detection,9001,10,10,,10,,0,,,,370.3624469846088,73.08610232137347,0,,,
detection,9001,10,10,,10,,0,,,,370.3624469846088,73.08610232137347,0,,,
detection,9001,10,10,,20,,0,,,,370.3624469846088,73.08610232137347,0,,,
detection,9001,10,10,,20,,0,,,,370.3624469846088,73.08610232137347,0,,,
detection,9001,10,10,,20,,0,,,,370.3624469846088,73.08610232137347,0,,,
detection,9001,10,10,,20,,0,,,,370.3624469846088,73.08610232137347,0,,,
detection,9001,10,10,,20,,0,,,,370.3624469846088,73.08610232137347,0,,,
detection,9001,15,10,,1,,0,,,,370.3624469846088,73.08610232137347,0,,,
detection,9001,15,10,,1,,0,,,,370.3624469846088,73.08610232137347,0,,,
detection,9001,15,10,,1,,0,,,,370.3624469846088,73.08610232137347,0,,,
detection,9001,15,10,,1,,0,,,,370.3624469846088,73.08610232137347,0,,,
detection,9001,15,10,,1,,0,,,,370.3624469846088,73.08610232137347,0,,,
detection,9001,15,10,,2,,0,,,,370.3624469846088,73.08610232137347,0,,,
detection,9001,15,10,,2,,0,,,,370.3624469846088,73.08610232137347,0,,,
detection,9001,15,10,,2,,0,,,,370.3624469846088,73.08610232137347,0,,,
detection,9001,15,10,,2,,0,,,,370.3624469846088,73.08610232137347,0,,,
detection,9001,15,10,,2,,0,,,,370.3624469846088,73.08610232137347,0,,,
detection,9001,15,10,,5,,0,,,,370.3624469846088,73.08610232137347,0,,,
detection,9001,15,10,,5,,0,,,,370.3624469846088,73.08610232137347,0,,,
detection,9001,15,10,,5,,0,,,,370.3624469846088,73.08610232137347,0,,,
detection,9001,15,10,,5,,0,,,,370.3624469846088,73.08610232137347,0,,,
detection,9001,15,10,,5,,0,,,,370.3624469846088,73.08610232137347,0,,,
detection,9001,15,10,,10,,0,,,,370.3624469846088,73.08610232137347,0,,,
detection,9001,15,10,,10,,0,,,,370.3624469846088,73.08610232137347,0,,,
detection,9001,15,10,,10,,0,,,,370.3624469846088,73.08610232137347,0,,,
detection,9001,15,10,,10,,0,,,,370.3624469846088,73.08610232137347,0,,,
detection,9001,15,10,,10,,0,,,,370.3624469846088,73.08610232137347,0,,,
detection,9001,15,10,,20,,0,,,,370.3624469846088,73.08610232137347,0,,,
detection,9001,15,10,,20,,0,,,,370.3624469846088,73.08610232137347,0,,,
detection,9001,15,10,,20,,0,,,,370.3624469846088,73.08610232137347,0,,,
detection,9001,15,10,,20,,0,,,,370.3624469846088,73.08610232137347,0,,,
detection,9001,15,10,,20,,0,,,,370.3624469846088,73.08610232137347,0,,,
detection,9001,20,10,,1,,0,,,,370.3624469846088,73.08610232137347,0,,,
detection,9001,20,10,,1,,0,,,,370.3624469846088,73.08610232137347,0,,,
detection,9001,20,10,,1,,0,,,,370.3624469846088,73.08610232137347,0,,,
detection,9001,20,10,,1,,0,,,,370.3624469846088,73.08610232137347,0,,,
detection,9001,20,10,,1,,0,,,,370.3624469846088,73.08610232137347,0,,,
detection,9001,20,10,,2,,0,,,,370.3624469846088,73.08610232137347,0,,,
detection,9001,20,10,,2,,0,,,,370.3624469846088,73.08610232137347,0,,,
detection,9001,20,10,,2,,0,,,,370.3624469846088,73.08610232137347,0,,,
detection,9001,20,10,,2,,0,,,,370.3624469846088,73.08610232137347,0,,,
detection,9001,20,10,,2,,0,,,,370.3624469846088,73.08610232137347,0,,,
detection,9001,20,10,,5,,0,,,,370.3624469846088,73.08610232137347,0,,,
detection,9001,20,10,,5,,0,,,,370.3624469846088,73.08610232137347,0,,,
detection,9001,20,10,,5,,0,,,,370.3624469846088,73.08610232137347,0,,,
detection,9001,20,10,,5,,0,,,,370.3624469846088,73.08610232137347,0,,,
detection,9001,20,10,,5,,0,,,,370.3624469846088,73.08610232137347,0,,,
detection,9001,20,10,,10,,0,,,,370.3624469846088,73.08610232137347,0,,,
detection,9001,20,10,,10,,0,,,,370.3624469846088,73.08610232137347,0,,,
detection,9001,20,10,,10,,0,,,,370.3624469846088,73.08610232137347,0,,,
detection,9001,20,10,,10,,0,,,,370.3624469846088,73.08610232137347,0,,,
detection,9001,20,10,,10,,0,,,,370.3624469846088,73.08610232137347,0,,,
detection,9001,20,10,,20,,0,,,,370.3624469846088,73.08610232137347,0,,,
detection,9001,20,10,,20,,0,,,,370.3624469846088,73.08610232137347,0,,,
detection,9001,20,10,,20,,0,,,,370.3624469846088,73.08610232137347,0,,,
detection,9001,20,10,,20,,0,,,,370.3624469846088,73.08610232137347,0,,,
detection,9001,20,10,,20,,0,,,,370.3624469846088,73.08610232137347,0,,,
detection,9001,30,10,,1,,0,,,,370.3624469846088,73.08610232137347,0,,,
detection,9001,30,10,,1,,0,,,,370.3624469846088,73.08610232137347,0,,,
detection,9001,30,10,,1,,0,,,,370.3624469846088,73.08610232137347,0,,,
detection,9001,30,10,,1,,0,,,,370.3624469846088,73.08610232137347,0,,,
detection,9001,30,10,,1,,0,,,,370.3624469846088,73.08610232137347,0,,,
detection,9001,30,10,,2,,0,,,,370.3624469846088,73.08610232137347,0,,,
detection,9001,30,10,,2,,0,,,,370.3624469846088,73.08610232137347,0,,,
detection,9001,30,10,,2,,0,,,,370.3624469846088,73.08610232137347,0,,,
detection,9001,30,10,,2,,0,,,,370.3624469846088,73.08610232137347,0,,,
detection,9001,30,10,,2,,0,,,,370.3624469846088,73.08610232137347,0,,,
detection,9001,30,10,,5,,0,,,,370.3624469846088,73.08610232137347,0,,,
detection,9001,30,10,,5,,0,,,,370.3624469846088,73.08610232137347,0,,,
detection,9001,30,10,,5,,0,,,,370.3624469846088,73.08610232137347,0,,,
detection,9001,30,10,,5,,0,,,,370.3624469846088,73.08610232137347,0,,,
detection,9001,30,10,,5,,0,,,,370.3624469846088,73.08610232137347,0,,,
detection,9001,30,10,,10,,0,,,,370.3624469846088,73.08610232137347,0,,,
detection,9001,30,10,,10,,0,,,,370.3624469846088,73.08610232137347,0,,,
detection,9001,30,10,,10,,0,,,,370.3624469846088,73.08610232137347,0,,,
detection,9001,30,10,,10,,0,,,,370.3624469846088,73.08610232137347,0,,,
detection,9001,30,10,,10,,0,,,,370.3624469846088,73.08610232137347,0,,,
detection,9001,30,10,,20,,0,,,,370.3624469846088,73.08610232137347,0,,,
detection,9001,30,10,,20,,0,,,,370.3624469846088,73.08610232137347,0,,,
detection,9001,30,10,,20,,0,,,,370.3624469846088,73.08610232137347,0,,,
detection,9001,30,10,,20,,0,,,,370.3624469846088,73.08610232137347,0,,,
detection,9001,30,10,,20,,0,,,,370.3624469846088,73.08610232137347,0,,,
detection,9001,40,10,,1,,0,,,,370.3624469846088,73.08610232137347,0,,,
detection,9001,40,10,,1,,0,,,,370.3624469846088,73.08610232137347,0,,,
detection,9001,40,10,,1,,0,,,,370.3624469846088,73.08610232137347,0,,,
detection,9001,40,10,,1,,0,,,,370.3624469846088,73.08610232137347,0,,,
detection,9001,40,10,,1,,0,,,,370.3624469846088,73.08610232137347,0,,,
detection,9001,40,10,,2,,0,,,,370.3624469846088,73.08610232137347,0,,,
detection,9001,40,10,,2,,0,,,,370.3624469846088,73.08610232137347,0,,,
detection,9001,40,10,,2,,0,,,,370.3624469846088,73.08610232137347,0,,,
detection,9001,40,10,,2,,0,,,,370.3624469846088,73.08610232137347,0,,,
detection,9001,40,10,,2,,0,,,,370.3624469846088,73.08610232137347,0,,,
detection,9001,40,10,,5,,0,,,,370.3624469846088,73.08610232137347,0,,,
detection,9001,40,10,,5,,0,,,,370.3624469846088,73.08610232137347,0,,,
detection,9001,40,10,,5,,0,,,,370.3624469846088,73.08610232137347,0,,,
detection,9001,40,10,,5,,0,,,,370.3624469846088,73.08610232137347,0,,,
detection,9001,40,10,,5,,0,,,,370.3624469846088,73.08610232137347,0,,,
detection,9001,40,10,,10,,0,,,,370.3624469846088,73.08610232137347,0,,,
detection,9001,40,10,,10,,0,,,,370.3624469846088,73.08610232137347,0,,,
detection,9001,40,10,,10,,0,,,,370.3624469846088,73.08610232137347,0,,,
detection,9001,40,10,,10,,0,,,,370.3624469846088,73.08610232137347,0,,,
detection,9001,40,10,,10,,0,,,,370.3624469846088,73.08610232137347,0,,,
detection,9001,40,10,,20,,0,,,,370.3624469846088,73.08610232137347,0,,,
detection,9001,40,10,,20,,0,,,,370.3624469846088,73.08610232137347,0,,,
detection,9001,40,10,,20,,0,,,,370.3624469846088,73.08610232137347,0,,,
detection,9001,40,10,,20,,0,,,,370.3624469846088,73.08610232137347,0,,,
detection,9001,40,10,,20,,0,,,,370.3624469846088,73.08610232137347,0,,,
detection,9001,50,10,,1,,0,,,,370.3624469846088,73.08610232137347,0,,,
detection,9001,50,10,,1,,0,,,,370.3624469846088,73.08610232137347,0,,,
detection,9001,50,10,,1,,0,,,,370.3624469846088,73.08610232137347,0,,,
detection,9001,50,10,,1,,0,,,,370.3624469846088,73.08610232137347,0,,,
detection,9001,50,10,,1,,0,,,,370.3624469846088,73.08610232137347,0,,,
detection,9001,50,10,,2,,0,,,,370.3624469846088,73.08610232137347,0,,,
detection,9001,50,10,,2,,0,,,,370.3624469846088,73.08610232137347,0,,,
detection,9001,50,10,,2,,0,,,,370.3624469846088,73.08610232137347,0,,,
detection,9001,50,10,,2,,0,,,,370.3624469846088,73.08610232137347,0,,,
detection,9001,50,10,,2,,0,,,,370.3624469846088,73.08610232137347,0,,,
detection,9001,50,10,,5,,0,,,,370.3624469846088,73.08610232137347,0,,,
detection,9001,50,10,,5,,0,,,,370.3624469846088,73.08610232137347,0,,,
detection,9001,50,10,,5,,0,,,,370.3624469846088,73.08610232137347,0,,,
detection,9001,50,10,,5,,0,,,,370.3624469846088,73.08610232137347,0,,,
detection,9001,50,10,,5,,0,,,,370.3624469846088,73.08610232137347,0,,,
detection,9001,50,10,,10,,0,,,,370.3624469846088,73.08610232137347,0,,,
detection,9001,50,10,,10,,0,,,,370.3624469846088,73.08610232137347,0,,,
detection,9001,50,10,,10,,0,,,,370.3624469846088,73.08610232137347,0,,,
detection,9001,50,10,,10,,0,,,,370.3624469846088,73.08610232137347,0,,,
detection,9001,50,10,,10,,0,,,,370.3624469846088,73.08610232137347,0,,,
detection,9001,50,10,,20,,0,,,,370.3624469846088,73.08610232137347,0,,,
detection,9001,50,10,,20,,0,,,,370.3624469846088,73.08610232137347,0,,,
detection,9001,50,10,,20,,0,,,,370.3624469846088,73.08610232137347,0,,,
detection,9001,50,10,,20,,0,,,,370.3624469846088,73.08610232137347,0,,,
detection,9001,50,10,,20,,0,,,,370.3624469846088,73.08610232137347,0,,,
detection,9001,60,10,,1,,0,,,,370.3624469846088,73.08610232137347,0,,,
detection,9001,60,10,,1,,0,,,,370.3624469846088,73.08610232137347,0,,,
detection,9001,60,10,,1,,0,,,,370.3624469846088,73.08610232137347,0,,,
detection,9001,60,10,,1,,0,,,,370.3624469846088,73.08610232137347,0,,,
detection,9001,60,10,,1,,0,,,,370.3624469846088,73.08610232137347,0,,,
detection,9001,60,10,,2,,0,,,,370.3624469846088,73.08610232137347,0,,,
detection,9001,60,10,,2,,0,,,,370.3624469846088,73.08610232137347,0,,,
detection,9001,60,10,,2,,0,,,,370.3624469846088,73.08610232137347,0,,,
detection,9001,60,10,,2,,0,,,,370.3624469846088,73.08610232137347,0,,,
detection,9001,60,10,,2,,0,,,,370.3624469846088,73.08610232137347,0,,,
detection,9001,60,10,,5,,0,,,,370.3624469846088,73.08610232137347,0,,,
detection,9001,60,10,,5,,0,,,,370.3624469846088,73.08610232137347,0,,,
detection,9001,60,10,,5,,0,,,,370.3624469846088,73.08610232137347,0,,,
detection,9001,60,10,,5,,0,,,,370.3624469846088,73.08610232137347,0,,,
detection,9001,60,10,,5,,0,,,,370.3624469846088,73.08610232137347,0,,,
detection,9001,60,10,,10,,0,,,,370.3624469846088,73.08610232137347,0,,,
detection,9001,60,10,,10,,0,,,,370.3624469846088,73.08610232137347,0,,,
detection,9001,60,10,,10,,0,,,,370.3624469846088,73.08610232137347,0,,,
detection,9001,60,10,,10,,0,,,,370.3624469846088,73.08610232137347,0,,,
detection,9001,60,10,,10,,0,,,,370.3624469846088,73.08610232137347,0,,,
detection,9001,60,10,,20,,0,,,,370.3624469846088,73.08610232137347,0,,,
detection,9001,60,10,,20,,0,,,,370.3624469846088,73.08610232137347,0,,,
detection,9001,60,10,,20,,0,,,,370.3624469846088,73.08610232137347,0,,,
detection,9001,60,10,,20,,0,,,,370.3624469846088,73.08610232137347,0,,,
detection,9001,60,10,,20,,0,,,,370.3624469846088,73.08610232137347,0,,,
detection,9001,70,10,,1,,0,,,,370.3624469846088,73.08610232137347,0,,,
detection,9001,70,10,,1,,0,,,,370.3624469846088,73.08610232137347,0,,,
detection,9001,70,10,,1,,0,,,,370.3624469846088,73.08610232137347,0,,,
detection,9001,70,10,,1,,0,,,,370.3624469846088,73.08610232137347,0,,,
detection,9001,70,10,,1,,0,,,,370.3624469846088,73.08610232137347,0,,,
detection,9001,70,10,,2,,0,,,,370.3624469846088,73.08610232137347,0,,,
detection,9001,70,10,,2,,0,,,,370.3624469846088,73.08610232137347,0,,,
detection,9001,70,10,,2,,0,,,,370.3624469846088,73.08610232137347,0,,,
detection,9001,70,10,,2,,0,,,,370.3624469846088,73.08610232137347,0,,,
detection,9001,70,10,,2,,0,,,,370.3624469846088,73.08610232137347,0,,,
detection,9001,70,10,,5,,0,,,,370.3624469846088,73.08610232137347,0,,,
detection,9001,70,10,,5,,0,,,,370.3624469846088,73.08610232137347,0,,,
detection,9001,70,10,,5,,0,,,,370.3624469846088,73.08610232137347,0,,,
detection,9001,70,10,,5,,0,,,,370.3624469846088,73.08610232137347,0,,,
detection,9001,70,10,,5,,0,,,,370.3624469846088,73.08610232137347,0,,,
detection,9001,70,10,,10,,0,,,,370.3624469846088,73.08610232137347,0,,,
detection,9001,70,10,,10,,0,,,,370.3624469846088,73.08610232137347,0,,,
detection,9001,70,10,,10,,0,,,,370.3624469846088,73.08610232137347,0,,,
detection,9001,70,10,,10,,0,,,,370.3624469846088,73.08610232137347,0,,,
detection,9001,70,10,,10,,0,,,,370.3624469846088,73.08610232137347,0,,,
detection,9001,70,10,,20,,0,,,,370.3624469846088,73.08610232137347,0,,,
detection,9001,70,10,,20,,0,,,,370.3624469846088,73.08610232137347,0,,,
detection,9001,70,10,,20,,0,,,,370.3624469846088,73.08610232137347,0,,,
detection,9001,70,10,,20,,0,,,,370.3624469846088,73.08610232137347,0,,,
detection,9001,70,10,,20,,0,,,,370.3624469846088,73.08610232137347,0,,,
detection,9001,80,10,,1,,0,,,,370.3624469846088,73.08610232137347,0,,,
detection,9001,80,10,,1,,0,,,,370.3624469846088,73.08610232137347,0,,,
detection,9001,80,10,,1,,0,,,,370.3624469846088,73.08610232137347,0,,,
detection,9001,80,10,,1,,0,,,,370.3624469846088,73.08610232137347,0,,,
detection,9001,80,10,,1,,0,,,,370.3624469846088,73.08610232137347,0,,,
detection,9001,80,10,,2,,0,,,,370.3624469846088,73.08610232137347,0,,,
detection,9001,80,10,,2,,0,,,,370.3624469846088,73.08610232137347,0,,,
detection,9001,80,10,,2,,0,,,,370.3624469846088,73.08610232137347,0,,,
detection,9001,80,10,,2,,0,,,,370.3624469846088,73.08610232137347,0,,,
detection,9001,80,10,,2,,0,,,,370.3624469846088,73.08610232137347,0,,,
detection,9001,80,10,,5,,0,,,,370.3624469846088,73.08610232137347,0,,,
detection,9001,80,10,,5,,0,,,,370.3624469846088,73.08610232137347,0,,,
detection,9001,80,10,,5,,0,,,,370.3624469846088,73.08610232137347,0,,,
detection,9001,80,10,,5,,0,,,,370.3624469846088,73.08610232137347,0,,,
detection,9001,80,10,,5,,0,,,,370.3624469846088,73.08610232137347,0,,,
detection,9001,80,10,,10,,0,,,,370.3624469846088,73.08610232137347,0,,,
detection,9001,80,10,,10,,0,,,,370.3624469846088,73.08610232137347,0,,,
detection,9001,80,10,,10,,0,,,,370.3624469846088,73.08610232137347,0,,,
detection,9001,80,10,,10,,0,,,,370.3624469846088,73.08610232137347,0,,,
detection,9001,80,10,,10,,0,,,,370.3624469846088,73.08610232137347,0,,,
detection,9001,80,10,,20,,0,,,,370.3624469846088,73.08610232137347,0,,,
detection,9001,80,10,,20,,0,,,,370.3624469846088,73.08610232137347,0,,,
detection,9001,80,10,,20,,0,,,,370.3624469846088,73.08610232137347,0,,,
detection,9001,80,10,,20,,0,,,,370.3624469846088,73.08610232137347,0,,,
detection,9001,80,10,,20,,0,,,,370.3624469846088,73.08610232137347,0,,,
detection,9002,5,10,,1,,0,,,,5.0,11.944248261621526,0,,,
detection,9002,5,10,,1,,0,,,,5.0,11.944248261621526,0,,,
detection,9002,5,10,,1,,0,,,,5.0,11.944248261621526,0,,,
detection,9002,5,10,,1,,0,,,,5.0,11.944248261621526,0,,,
detection,9002,5,10,,1,,0,,,,5.0,11.944248261621526,0,,,
detection,9002,5,10,,2,,0,,,,5.0,11.944248261621526,0,,,
detection,9002,5,10,,2,,0,,,,5.0,11.944248261621526,0,,,
detection,9002,5,10,,2,,0,,,,5.0,11.944248261621526,0,,,
detection,9002,5,10,,2,,0,,,,5.0,11.944248261621526,0,,,
detection,9002,5,10,,2,,0,,,,5.0,11.944248261621526,0,,,
detection,9002,5,10,,5,,0,,,,5.0,11.944248261621526,0,,,
detection,9002,5,10,,5,,0,,,,5.0,11.944248261621526,0,,,
detection,9002,5,10,,5,,0,,,,5.0,11.944248261621526,0,,,
detection,9002,5,10,,5,,0,,,,5.0,11.944248261621526,0,,,
detection,9002,5,10,,5,,0,,,,5.0,11.944248261621526,0,,,
detection,9002,5,10,,10,,0,,,,5.0,11.944248261621526,0,,,
detection,9002,5,10,,10,,0,,,,5.0,11.944248261621526,0,,,
detection,9002,5,10,,10,,0,,,,5.0,11.944248261621526,0,,,
detection,9002,5,10,,10,,0,,,,5.0,11.944248261621526,0,,,
detection,9002,5,10,,10,,0,,,,5.0,11.944248261621526,0,,,
detection,9002,5,10,,20,,0,,,,5.0,11.944248261621526,0,,,
detection,9002,5,10,,20,,0,,,,5.0,11.944248261621526,0,,,
detection,9002,5,10,,20,,0,,,,5.0,11.944248261621526,0,,,
detection,9002,5,10,,20,,0,,,,5.0,11.944248261621526,0,,,
detection,9002,5,10,,20,,0,,,,5.0,11.944248261621526,0,,,
detection,9002,10,10,,1,,0,,,,5.0,11.944248261621526,0,,,
detection,9002,10,10,,1,,0,,,,5.0,11.944248261621526,0,,,
detection,9002,10,10,,1,,0,,,,5.0,11.944248261621526,0,,,
detection,9002,10,10,,1,,0,,,,5.0,11.944248261621526,0,,,
detection,9002,10,10,,1,,0,,,,5.0,11.944248261621526,0,,,
detection,9002,10,10,,2,,0,,,,5.0,11.944248261621526,0,,,
detection,9002,10,10,,2,,0,,,,5.0,11.944248261621526,0,,,
detection,9002,10,10,,2,,0,,,,5.0,11.944248261621526,0,,,
detection,9002,10,10,,2,,0,,,,5.0,11.944248261621526,0,,,
detection,9002,10,10,,2,,0,,,,5.0,11.944248261621526,0,,,
detection,9002,10,10,,5,,0,,,,5.0,11.944248261621526,0,,,
detection,9002,10,10,,5,,0,,,,5.0,11.944248261621526,0,,,
detection,9002,10,10,,5,,0,,,,5.0,11.944248261621526,0,,,
detection,9002,10,10,,5,,0,,,,5.0,11.944248261621526,0,,,
detection,9002,10,10,,5,,0,,,,5.0,11.944248261621526,0,,,
detection,9002,10,10,,10,,0,,,,5.0,11.944248261621526,0,,,
detection,9002,10,10,,10,,0,,,,5.0,11.944248261621526,0,,,
detection,9002,10,10,,10,,0,,,,5.0,11.944248261621526,0,,,
detection,9002,10,10,,10,,0,,,,5.0,11.944248261621526,0,,,
detection,9002,10,10,,10,,0,,,,5.0,11.944248261621526,0,,,
detection,9002,10,10,,20,,0,,,,5.0,11.944248261621526,0,,,
detection,9002,10,10,,20,,0,,,,5.0,11.944248261621526,0,,,
detection,9002,10,10,,20,,0,,,,5.0,11.944248261621526,0,,,
detection,9002,10,10,,20,,0,,,,5.0,11.944248261621526,0,,,
detection,9002,10,10,,20,,0,,,,5.0,11.944248261621526,0,,,
detection,9002,15,10,,1,,0,,,,5.0,11.944248261621526,0,,,
detection,9002,15,10,,1,,0,,,,5.0,11.944248261621526,0,,,
detection,9002,15,10,,1,,0,,,,5.0,11.944248261621526,0,,,
detection,9002,15,10,,1,,0,,,,5.0,11.944248261621526,0,,,
detection,9002,15,10,,1,,0,,,,5.0,11.944248261621526,0,,,
detection,9002,15,10,,2,,0,,,,5.0,11.944248261621526,0,,,
detection,9002,15,10,,2,,0,,,,5.0,11.944248261621526,0,,,
detection,9002,15,10,,2,,0,,,,5.0,11.944248261621526,0,,,
detection,9002,15,10,,2,,0,,,,5.0,11.944248261621526,0,,,
detection,9002,15,10,,2,,0,,,,5.0,11.944248261621526,0,,,
detection,9002,15,10,,5,,0,,,,5.0,11.944248261621526,0,,,
detection,9002,15,10,,5,,0,,,,5.0,11.944248261621526,0,,,
detection,9002,15,10,,5,,0,,,,5.0,11.944248261621526,0,,,
detection,9002,15,10,,5,,0,,,,5.0,11.944248261621526,0,,,
detection,9002,15,10,,5,,0,,,,5.0,11.944248261621526,0,,,
detection,9002,15,10,,10,,0,,,,5.0,11.944248261621526,0,,,
detection,9002,15,10,,10,,0,,,,5.0,11.944248261621526,0,,,
detection,9002,15,10,,10,,0,,,,5.0,11.944248261621526,0,,,
detection,9002,15,10,,10,,0,,,,5.0,11.944248261621526,0,,,
detection,9002,15,10,,10,,0,,,,5.0,11.944248261621526,0,,,
detection,9002,15,10,,20,,0,,,,5.0,11.944248261621526,0,,,
detection,9002,15,10,,20,,0,,,,5.0,11.944248261621526,0,,,
detection,9002,15,10,,20,,0,,,,5.0,11.944248261621526,0,,,
detection,9002,15,10,,20,,0,,,,5.0,11.944248261621526,0,,,
detection,9002,15,10,,20,,0,,,,5.0,11.944248261621526,0,,,
detection,9002,20,10,,1,,0,,,,5.0,11.944248261621526,0,,,
detection,9002,20,10,,1,,0,,,,5.0,11.944248261621526,0,,,
detection,9002,20,10,,1,,0,,,,5.0,11.944248261621526,0,,,
detection,9002,20,10,,1,,0,,,,5.0,11.944248261621526,0,,,
detection,9002,20,10,,1,,0,,,,5.0,11.944248261621526,0,,,
detection,9002,20,10,,2,,0,,,,5.0,11.944248261621526,0,,,
detection,9002,20,10,,2,,0,,,,5.0,11.944248261621526,0,,,
detection,9002,20,10,,2,,0,,,,5.0,11.944248261621526,0,,,
detection,9002,20,10,,2,,0,,,,5.0,11.944248261621526,0,,,
detection,9002,20,10,,2,,0,,,,5.0,11.944248261621526,0,,,
detection,9002,20,10,,5,,0,,,,5.0,11.944248261621526,0,,,
detection,9002,20,10,,5,,0,,,,5.0,11.944248261621526,0,,,
detection,9002,20,10,,5,,0,,,,5.0,11.944248261621526,0,,,
detection,9002,20,10,,5,,0,,,,5.0,11.944248261621526,0,,,
detection,9002,20,10,,5,,0,,,,5.0,11.944248261621526,0,,,
detection,9002,20,10,,10,,0,,,,5.0,11.944248261621526,0,,,
detection,9002,20,10,,10,,0,,,,5.0,11.944248261621526,0,,,
detection,9002,20,10,,10,,0,,,,5.0,11.944248261621526,0,,,
detection,9002,20,10,,10,,0,,,,5.0,11.944248261621526,0,,,
detection,9002,20,10,,10,,0,,,,5.0,11.944248261621526,0,,,
detection,9002,20,10,,20,,0,,,,5.0,11.944248261621526,0,,,
detection,9002,20,10,,20,,0,,,,5.0,11.944248261621526,0,,,
detection,9002,20,10,,20,,0,,,,5.0,11.944248261621526,0,,,
detection,9002,20,10,,20,,0,,,,5.0,11.944248261621526,0,,,
detection,9002,20,10,,20,,0,,,,5.0,11.944248261621526,0,,,
detection,9002,30,10,,1,,0,,,,5.0,11.944248261621526,0,,,
detection,9002,30,10,,1,,0,,,,5.0,11.944248261621526,0,,,
detection,9002,30,10,,1,,0,,,,5.0,11.944248261621526,0,,,
detection,9002,30,10,,1,,0,,,,5.0,11.944248261621526,0,,,
detection,9002,30,10,,1,,0,,,,5.0,11.944248261621526,0,,,
detection,9002,30,10,,2,,0,,,,5.0,11.944248261621526,0,,,
detection,9002,30,10,,2,,0,,,,5.0,11.944248261621526,0,,,
detection,9002,30,10,,2,,0,,,,5.0,11.944248261621526,0,,,
detection,9002,30,10,,2,,0,,,,5.0,11.944248261621526,0,,,
detection,9002,30,10,,2,,0,,,,5.0,11.944248261621526,0,,,
detection,9002,30,10,,5,,0,,,,5.0,11.944248261621526,0,,,
detection,9002,30,10,,5,,0,,,,5.0,11.944248261621526,0,,,
detection,9002,30,10,,5,,0,,,,5.0,11.944248261621526,0,,,
detection,9002,30,10,,5,,0,,,,5.0,11.944248261621526,0,,,
detection,9002,30,10,,5,,0,,,,5.0,11.944248261621526,0,,,
detection,9002,30,10,,10,,0,,,,5.0,11.944248261621526,0,,,
detection,9002,30,10,,10,,0,,,,5.0,11.944248261621526,0,,,
detection,9002,30,10,,10,,0,,,,5.0,11.944248261621526,0,,,
detection,9002,30,10,,10,,0,,,,5.0,11.944248261621526,0,,,
detection,9002,30,10,,10,,0,,,,5.0,11.944248261621526,0,,,
detection,9002,30,10,,20,,0,,,,5.0,11.944248261621526,0,,,
detection,9002,30,10,,20,,0,,,,5.0,11.944248261621526,0,,,
detection,9002,30,10,,20,,0,,,,5.0,11.944248261621526,0,,,
detection,9002,30,10,,20,,0,,,,5.0,11.944248261621526,0,,,
detection,9002,30,10,,20,,0,,,,5.0,11.944248261621526,0,,,
detection,9002,40,10,,1,,0,,,,5.0,11.944248261621526,0,,,
detection,9002,40,10,,1,,0,,,,5.0,11.944248261621526,0,,,
detection,9002,40,10,,1,,0,,,,5.0,11.944248261621526,0,,,
detection,9002,40,10,,1,,0,,,,5.0,11.944248261621526,0,,,
detection,9002,40,10,,1,,0,,,,5.0,11.944248261621526,0,,,
detection,9002,40,10,,2,,0,,,,5.0,11.944248261621526,0,,,
detection,9002,40,10,,2,,0,,,,5.0,11.944248261621526,0,,,
detection,9002,40,10,,2,,0,,,,5.0,11.944248261621526,0,,,
detection,9002,40,10,,2,,0,,,,5.0,11.944248261621526,0,,,
detection,9002,40,10,,2,,0,,,,5.0,11.944248261621526,0,,,
detection,9002,40,10,,5,,0,,,,5.0,11.944248261621526,0,,,
detection,9002,40,10,,5,,0,,,,5.0,11.944248261621526,0,,,
detection,9002,40,10,,5,,0,,,,5.0,11.944248261621526,0,,,
detection,9002,40,10,,5,,0,,,,5.0,11.944248261621526,0,,,
detection,9002,40,10,,5,,0,,,,5.0,11.944248261621526,0,,,
detection,9002,40,10,,10,,0,,,,5.0,11.944248261621526,0,,,
detection,9002,40,10,,10,,0,,,,5.0,11.944248261621526,0,,,
detection,9002,40,10,,10,,0,,,,5.0,11.944248261621526,0,,,
detection,9002,40,10,,10,,0,,,,5.0,11.944248261621526,0,,,
detection,9002,40,10,,10,,0,,,,5.0,11.944248261621526,0,,,
detection,9002,40,10,,20,,0,,,,5.0,11.944248261621526,0,,,
detection,9002,40,10,,20,,0,,,,5.0,11.944248261621526,0,,,
detection,9002,40,10,,20,,0,,,,5.0,11.944248261621526,0,,,
detection,9002,40,10,,20,,0,,,,5.0,11.944248261621526,0,,,
detection,9002,40,10,,20,,0,,,,5.0,11.944248261621526,0,,,
detection,9002,50,10,,1,,0,,,,5.0,11.944248261621526,0,,,
detection,9002,50,10,,1,,0,,,,5.0,11.944248261621526,0,,,
detection,9002,50,10,,1,,0,,,,5.0,11.944248261621526,0,,,
detection,9002,50,10,,1,,0,,,,5.0,11.944248261621526,0,,,
detection,9002,50,10,,1,,0,,,,5.0,11.944248261621526,0,,,
detection,9002,50,10,,2,,0,,,,5.0,11.944248261621526,0,,,
detection,9002,50,10,,2,,0,,,,5.0,11.944248261621526,0,,,
detection,9002,50,10,,2,,0,,,,5.0,11.944248261621526,0,,,
detection,9002,50,10,,2,,0,,,,5.0,11.944248261621526,0,,,
detection,9002,50,10,,2,,0,,,,5.0,11.944248261621526,0,,,
detection,9002,50,10,,5,,0,,,,5.0,11.944248261621526,0,,,
detection,9002,50,10,,5,,0,,,,5.0,11.944248261621526,0,,,
detection,9002,50,10,,5,,0,,,,5.0,11.944248261621526,0,,,
detection,9002,50,10,,5,,0,,,,5.0,11.944248261621526,0,,,
detection,9002,50,10,,5,,0,,,,5.0,11.944248261621526,0,,,
detection,9002,50,10,,10,,0,,,,5.0,11.944248261621526,0,,,
detection,9002,50,10,,10,,0,,,,5.0,11.944248261621526,0,,,
detection,9002,50,10,,10,,0,,,,5.0,11.944248261621526,0,,,
detection,9002,50,10,,10,,0,,,,5.0,11.944248261621526,0,,,
detection,9002,50,10,,10,,0,,,,5.0,11.944248261621526,0,,,
detection,9002,50,10,,20,,0,,,,5.0,11.944248261621526,0,,,
detection,9002,50,10,,20,,0,,,,5.0,11.944248261621526,0,,,
detection,9002,50,10,,20,,0,,,,5.0,11.944248261621526,0,,,
detection,9002,50,10,,20,,0,,,,5.0,11.944248261621526,0,,,
detection,9002,50,10,,20,,0,,,,5.0,11.944248261621526,0,,,
detection,9002,60,10,,1,,0,,,,5.0,11.944248261621526,0,,,
detection,9002,60,10,,1,,0,,,,5.0,11.944248261621526,0,,,
detection,9002,60,10,,1,,0,,,,5.0,11.944248261621526,0,,,
detection,9002,60,10,,1,,0,,,,5.0,11.944248261621526,0,,,
detection,9002,60,10,,1,,0,,,,5.0,11.944248261621526,0,,,
detection,9002,60,10,,2,,0,,,,5.0,11.944248261621526,0,,,
detection,9002,60,10,,2,,0,,,,5.0,11.944248261621526,0,,,
detection,9002,60,10,,2,,0,,,,5.0,11.944248261621526,0,,,
detection,9002,60,10,,2,,0,,,,5.0,11.944248261621526,0,,,
detection,9002,60,10,,2,,0,,,,5.0,11.944248261621526,0,,,
detection,9002,60,10,,5,,0,,,,5.0,11.944248261621526,0,,,
detection,9002,60,10,,5,,0,,,,5.0,11.944248261621526,0,,,
detection,9002,60,10,,5,,0,,,,5.0,11.944248261621526,0,,,
detection,9002,60,10,,5,,0,,,,5.0,11.944248261621526,0,,,
detection,9002,60,10,,5,,0,,,,5.0,11.944248261621526,0,,,
detection,9002,60,10,,10,,0,,,,5.0,11.944248261621526,0,,,
detection,9002,60,10,,10,,0,,,,5.0,11.944248261621526,0,,,
detection,9002,60,10,,10,,0,,,,5.0,11.944248261621526,0,,,
detection,9002,60,10,,10,,0,,,,5.0,11.944248261621526,0,,,
detection,9002,60,10,,10,,0,,,,5.0,11.944248261621526,0,,,
detection,9002,60,10,,20,,0,,,,5.0,11.944248261621526,0,,,
detection,9002,60,10,,20,,0,,,,5.0,11.944248261621526,0,,,
detection,9002,60,10,,20,,0,,,,5.0,11.944248261621526,0,,,
detection,9002,60,10,,20,,0,,,,5.0,11.944248261621526,0,,,
detection,9002,60,10,,20,,0,,,,5.0,11.944248261621526,0,,,
detection,9002,70,10,,1,,0,,,,5.0,11.944248261621526,0,,,
detection,9002,70,10,,1,,0,,,,5.0,11.944248261621526,0,,,
detection,9002,70,10,,1,,0,,,,5.0,11.944248261621526,0,,,
detection,9002,70,10,,1,,0,,,,5.0,11.944248261621526,0,,,
detection,9002,70,10,,1,,0,,,,5.0,11.944248261621526,0,,,
detection,9002,70,10,,2,,0,,,,5.0,11.944248261621526,0,,,
detection,9002,70,10,,2,,0,,,,5.0,11.944248261621526,0,,,
detection,9002,70,10,,2,,0,,,,5.0,11.944248261621526,0,,,
detection,9002,70,10,,2,,0,,,,5.0,11.944248261621526,0,,,
detection,9002,70,10,,2,,0,,,,5.0,11.944248261621526,0,,,
detection,9002,70,10,,5,,0,,,,5.0,11.944248261621526,0,,,
detection,9002,70,10,,5,,0,,,,5.0,11.944248261621526,0,,,
detection,9002,70,10,,5,,0,,,,5.0,11.944248261621526,0,,,
detection,9002,70,10,,5,,0,,,,5.0,11.944248261621526,0,,,
detection,9002,70,10,,5,,0,,,,5.0,11.944248261621526,0,,,
detection,9002,70,10,,10,,0,,,,5.0,11.944248261621526,0,,,
detection,9002,70,10,,10,,0,,,,5.0,11.944248261621526,0,,,
detection,9002,70,10,,10,,0,,,,5.0,11.944248261621526,0,,,
detection,9002,70,10,,10,,0,,,,5.0,11.944248261621526,0,,,
detection,9002,70,10,,10,,0,,,,5.0,11.944248261621526,0,,,
detection,9002,70,10,,20,,0,,,,5.0,11.944248261621526,0,,,
detection,9002,70,10,,20,,0,,,,5.0,11.944248261621526,0,,,
detection,9002,70,10,,20,,0,,,,5.0,11.944248261621526,0,,,
detection,9002,70,10,,20,,0,,,,5.0,11.944248261621526,0,,,
detection,9002,70,10,,20,,0,,,,5.0,11.944248261621526,0,,,
detection,9002,80,10,,1,,0,,,,5.0,11.944248261621526,0,,,
detection,9002,80,10,,1,,0,,,,5.0,11.944248261621526,0,,,
detection,9002,80,10,,1,,0,,,,5.0,11.944248261621526,0,,,
detection,9002,80,10,,1,,0,,,,5.0,11.944248261621526,0,,,
detection,9002,80,10,,1,,0,,,,5.0,11.944248261621526,0,,,
detection,9002,80,10,,2,,0,,,,5.0,11.944248261621526,0,,,
detection,9002,80,10,,2,,0,,,,5.0,11.944248261621526,0,,,
detection,9002,80,10,,2,,0,,,,5.0,11.944248261621526,0,,,
detection,9002,80,10,,2,,0,,,,5.0,11.944248261621526,0,,,
detection,9002,80,10,,2,,0,,,,5.0,11.944248261621526,0,,,
detection,9002,80,10,,5,,0,,,,5.0,11.944248261621526,0,,,
detection,9002,80,10,,5,,0,,,,5.0,11.944248261621526,0,,,
detection,9002,80,10,,5,,0,,,,5.0,11.944248261621526,0,,,
detection,9002,80,10,,5,,0,,,,5.0,11.944248261621526,0,,,
detection,9002,80,10,,5,,0,,,,5.0,11.944248261621526,0,,,
detection,9002,80,10,,10,,0,,,,5.0,11.944248261621526,0,,,
detection,9002,80,10,,10,,0,,,,5.0,11.944248261621526,0,,,
detection,9002,80,10,,10,,0,,,,5.0,11.944248261621526,0,,,
detection,9002,80,10,,10,,0,,,,5.0,11.944248261621526,0,,,
detection,9002,80,10,,10,,0,,,,5.0,11.944248261621526,0,,,
detection,9002,80,10,,20,,0,,,,5.0,11.944248261621526,0,,,
detection,9002,80,10,,20,,0,,,,5.0,11.944248261621526,0,,,
detection,9002,80,10,,20,,0,,,,5.0,11.944248261621526,0,,,
detection,9002,80,10,,20,,0,,,,5.0,11.944248261621526,0,,,
detection,9002,80,10,,20,,0,,,,5.0,11.944248261621526,0,,,
detection,9003,5,10,,1,,0,,,,193.50006442677676,176.49469222749224,0,,,
detection,9003,5,10,,1,,0,,,,193.50006442677676,176.49469222749224,0,,,
detection,9003,5,10,,1,,0,,,,193.50006442677676,176.49469222749224,0,,,
detection,9003,5,10,,1,,0,,,,193.50006442677676,176.49469222749224,0,,,
detection,9003,5,10,,1,,0,,,,193.50006442677676,176.49469222749224,0,,,
detection,9003,5,10,,2,,0,,,,193.50006442677676,176.49469222749224,0,,,
detection,9003,5,10,,2,,0,,,,193.50006442677676,176.49469222749224,0,,,
detection,9003,5,10,,2,,0,,,,193.50006442677676,176.49469222749224,0,,,
detection,9003,5,10,,2,,0,,,,193.50006442677676,176.49469222749224,0,,,
detection,9003,5,10,,2,,0,,,,193.50006442677676,176.49469222749224,0,,,
detection,9003,5,10,,5,,0,,,,193.50006442677676,176.49469222749224,0,,,
detection,9003,5,10,,5,,0,,,,193.50006442677676,176.49469222749224,0,,,
detection,9003,5,10,,5,,0,,,,193.50006442677676,176.49469222749224,0,,,
detection,9003,5,10,,5,,0,,,,193.50006442677676,176.49469222749224,0,,,
detection,9003,5,10,,5,,0,,,,193.50006442677676,176.49469222749224,0,,,
detection,9003,5,10,,10,,0,,,,193.50006442677676,176.49469222749224,0,,,
detection,9003,5,10,,10,,0,,,,193.50006442677676,176.49469222749224,0,,,
detection,9003,5,10,,10,,0,,,,193.50006442677676,176.49469222749224,0,,,
detection,9003,5,10,,10,,0,,,,193.50006442677676,176.49469222749224,0,,,
detection,9003,5,10,,10,,0,,,,193.50006442677676,176.49469222749224,0,,,
detection,9003,5,10,,20,,0,,,,193.50006442677676,176.49469222749224,0,,,
detection,9003,5,10,,20,,0,,,,193.50006442677676,176.49469222749224,0,,,
detection,9003,5,10,,20,,0,,,,193.50006442677676,176.49469222749224,0,,,
detection,9003,5,10,,20,,0,,,,193.50006442677676,176.49469222749224,0,,,
detection,9003,5,10,,20,,0,,,,193.50006442677676,176.49469222749224,0,,,
detection,9003,10,10,,1,,0,,,,193.50006442677676,176.49469222749224,0,,,
detection,9003,10,10,,1,,0,,,,193.50006442677676,176.49469222749224,0,,,
detection,9003,10,10,,1,,0,,,,193.50006442677676,176.49469222749224,0,,,
detection,9003,10,10,,1,,0,,,,193.50006442677676,176.49469222749224,0,,,
detection,9003,10,10,,1,,0,,,,193.50006442677676,176.49469222749224,0,,,
detection,9003,10,10,,2,,0,,,,193.50006442677676,176.49469222749224,0,,,
detection,9003,10,10,,2,,0,,,,193.50006442677676,176.49469222749224,0,,,
detection,9003,10,10,,2,,0,,,,193.50006442677676,176.49469222749224,0,,,
detection,9003,10,10,,2,,0,,,,193.50006442677676,176.49469222749224,0,,,
detection,9003,10,10,,2,,0,,,,193.50006442677676,176.49469222749224,0,,,
detection,9003,10,10,,5,,0,,,,193.50006442677676,176.49469222749224,0,,,
detection,9003,10,10,,5,,0,,,,193.50006442677676,176.49469222749224,0,,,
detection,9003,10,10,,5,,0,,,,193.50006442677676,176.49469222749224,0,,,
detection,9003,10,10,,5,,0,,,,193.50006442677676,176.49469222749224,0,,,
detection,9003,10,10,,5,,0,,,,193.50006442677676,176.49469222749224,0,,,
detection,9003,10,10,,10,,0,,,,193.50006442677676,176.49469222749224,0,,,
detection,9003,10,10,,10,,0,,,,193.50006442677676,176.49469222749224,0,,,
detection,9003,10,10,,10,,0,,,,193.50006442677676,176.49469222749224,0,,,
detection,9003,10,10,,10,,0,,,,193.50006442677676,176.49469222749224,0,,,
detection,9003,10,10,,10,,0,,,,193.50006442677676,176.49469222749224,0,,,
detection,9003,10,10,,20,,0,,,,193.50006442677676,176.49469222749224,0,,,
detection,9003,10,10,,20,,0,,,,193.50006442677676,176.49469222749224,0,,,
detection,9003,10,10,,20,,0,,,,193.50006442677676,176.49469222749224,0,,,
detection,9003,10,10,,20,,0,,,,193.50006442677676,176.49469222749224,0,,,
detection,9003,10,10,,20,,0,,,,193.50006442677676,176.49469222749224,0,,,
detection,9003,15,10,,1,,0,,,,193.50006442677676,176.49469222749224,0,,,
detection,9003,15,10,,1,,0,,,,193.50006442677676,176.49469222749224,0,,,
detection,9003,15,10,,1,,0,,,,193.50006442677676,176.49469222749224,0,,,
detection,9003,15,10,,1,,0,,,,193.50006442677676,176.49469222749224,0,,,
detection,9003,15,10,,1,,0,,,,193.50006442677676,176.49469222749224,0,,,
detection,9003,15,10,,2,,0,,,,193.50006442677676,176.49469222749224,0,,,
detection,9003,15,10,,2,,0,,,,193.50006442677676,176.49469222749224,0,,,
detection,9003,15,10,,2,,0,,,,193.50006442677676,176.49469222749224,0,,,
detection,9003,15,10,,2,,0,,,,193.50006442677676,176.49469222749224,0,,,
detection,9003,15,10,,2,,0,,,,193.50006442677676,176.49469222749224,0,,,
detection,9003,15,10,,5,,0,,,,193.50006442677676,176.49469222749224,0,,,
detection,9003,15,10,,5,,0,,,,193.50006442677676,176.49469222749224,0,,,
detection,9003,15,10,,5,,0,,,,193.50006442677676,176.49469222749224,0,,,
detection,9003,15,10,,5,,0,,,,193.50006442677676,176.49469222749224,0,,,
detection,9003,15,10,,5,,0,,,,193.50006442677676,176.49469222749224,0,,,
detection,9003,15,10,,10,,0,,,,193.50006442677676,176.49469222749224,0,,,
detection,9003,15,10,,10,,0,,,,193.50006442677676,176.49469222749224,0,,,
detection,9003,15,10,,10,,0,,,,193.50006442677676,176.49469222749224,0,,,
detection,9003,15,10,,10,,0,,,,193.50006442677676,176.49469222749224,0,,,
detection,9003,15,10,,10,,0,,,,193.50006442677676,176.49469222749224,0,,,
detection,9003,15,10,,20,,0,,,,193.50006442677676,176.49469222749224,0,,,
detection,9003,15,10,,20,,0,,,,193.50006442677676,176.49469222749224,0,,,
detection,9003,15,10,,20,,0,,,,193.50006442677676,176.49469222749224,0,,,
detection,9003,15,10,,20,,0,,,,193.50006442677676,176.49469222749224,0,,,
detection,9003,15,10,,20,,0,,,,193.50006442677676,176.49469222749224,0,,,
detection,9003,20,10,,1,,0,,,,193.50006442677676,176.49469222749224,0,,,
detection,9003,20,10,,1,,0,,,,193.50006442677676,176.49469222749224,0,,,
detection,9003,20,10,,1,,0,,,,193.50006442677676,176.49469222749224,0,,,
detection,9003,20,10,,1,,0,,,,193.50006442677676,176.49469222749224,0,,,
detection,9003,20,10,,1,,0,,,,193.50006442677676,176.49469222749224,0,,,
detection,9003,20,10,,2,,0,,,,193.50006442677676,176.49469222749224,0,,,
detection,9003,20,10,,2,,0,,,,193.50006442677676,176.49469222749224,0,,,
detection,9003,20,10,,2,,0,,,,193.50006442677676,176.49469222749224,0,,,
detection,9003,20,10,,2,,0,,,,193.50006442677676,176.49469222749224,0,,,
detection,9003,20,10,,2,,0,,,,193.50006442677676,176.49469222749224,0,,,
detection,9003,20,10,,5,,0,,,,193.50006442677676,176.49469222749224,0,,,
detection,9003,20,10,,5,,0,,,,193.50006442677676,176.49469222749224,0,,,
detection,9003,20,10,,5,,0,,,,193.50006442677676,176.49469222749224,0,,,
detection,9003,20,10,,5,,0,,,,193.50006442677676,176.49469222749224,0,,,
detection,9003,20,10,,5,,0,,,,193.50006442677676,176.49469222749224,0,,,
detection,9003,20,10,,10,,0,,,,193.50006442677676,176.49469222749224,0,,,
detection,9003,20,10,,10,,0,,,,193.50006442677676,176.49469222749224,0,,,
detection,9003,20,10,,10,,0,,,,193.50006442677676,176.49469222749224,0,,,
detection,9003,20,10,,10,,0,,,,193.50006442677676,176.49469222749224,0,,,
detection,9003,20,10,,10,,0,,,,193.50006442677676,176.49469222749224,0,,,
detection,9003,20,10,,20,,0,,,,193.50006442677676,176.49469222749224,0,,,
detection,9003,20,10,,20,,0,,,,193.50006442677676,176.49469222749224,0,,,
detection,9003,20,10,,20,,0,,,,193.50006442677676,176.49469222749224,0,,,
detection,9003,20,10,,20,,0,,,,193.50006442677676,176.49469222749224,0,,,
detection,9003,20,10,,20,,0,,,,193.50006442677676,176.49469222749224,0,,,
detection,9003,30,10,,1,,0,,,,193.50006442677676,176.49469222749224,0,,,
detection,9003,30,10,,1,,0,,,,193.50006442677676,176.49469222749224,0,,,
detection,9003,30,10,,1,,0,,,,193.50006442677676,176.49469222749224,0,,,
detection,9003,30,10,,1,,0,,,,193.50006442677676,176.49469222749224,0,,,
detection,9003,30,10,,1,,0,,,,193.50006442677676,176.49469222749224,0,,,
detection,9003,30,10,,2,,0,,,,193.50006442677676,176.49469222749224,0,,,
detection,9003,30,10,,2,,0,,,,193.50006442677676,176.49469222749224,0,,,
detection,9003,30,10,,2,,0,,,,193.50006442677676,176.49469222749224,0,,,
detection,9003,30,10,,2,,0,,,,193.50006442677676,176.49469222749224,0,,,
detection,9003,30,10,,2,,0,,,,193.50006442677676,176.49469222749224,0,,,
detection,9003,30,10,,5,,0,,,,193.50006442677676,176.49469222749224,0,,,
detection,9003,30,10,,5,,0,,,,193.50006442677676,176.49469222749224,0,,,
detection,9003,30,10,,5,,0,,,,193.50006442677676,176.49469222749224,0,,,
detection,9003,30,10,,5,,0,,,,193.50006442677676,176.49469222749224,0,,,
detection,9003,30,10,,5,,0,,,,193.50006442677676,176.49469222749224,0,,,
detection,9003,30,10,,10,,0,,,,193.50006442677676,176.49469222749224,0,,,
detection,9003,30,10,,10,,0,,,,193.50006442677676,176.49469222749224,0,,,
detection,9003,30,10,,10,,0,,,,193.50006442677676,176.49469222749224,0,,,
detection,9003,30,10,,10,,0,,,,193.50006442677676,176.49469222749224,0,,,
detection,9003,30,10,,10,,0,,,,193.50006442677676,176.49469222749224,0,,,
detection,9003,30,10,,20,,0,,,,193.50006442677676,176.49469222749224,0,,,
detection,9003,30,10,,20,,0,,,,193.50006442677676,176.49469222749224,0,,,
detection,9003,30,10,,20,,0,,,,193.50006442677676,176.49469222749224,0,,,
detection,9003,30,10,,20,,0,,,,193.50006442677676,176.49469222749224,0,,,
detection,9003,30,10,,20,,0,,,,193.50006442677676,176.49469222749224,0,,,
detection,9003,40,10,,1,,0,,,,193.50006442677676,176.49469222749224,0,,,
detection,9003,40,10,,1,,0,,,,193.50006442677676,176.49469222749224,0,,,
detection,9003,40,10,,1,,0,,,,193.50006442677676,176.49469222749224,0,,,
detection,9003,40,10,,1,,0,,,,193.50006442677676,176.49469222749224,0,,,
detection,9003,40,10,,1,,0,,,,193.50006442677676,176.49469222749224,0,,,
detection,9003,40,10,,2,,0,,,,193.50006442677676,176.49469222749224,0,,,
detection,9003,40,10,,2,,0,,,,193.50006442677676,176.49469222749224,0,,,
detection,9003,40,10,,2,,0,,,,193.50006442677676,176.49469222749224,0,,,
detection,9003,40,10,,2,,0,,,,193.50006442677676,176.49469222749224,0,,,
detection,9003,40,10,,2,,0,,,,193.50006442677676,176.49469222749224,0,,,
detection,9003,40,10,,5,,0,,,,193.50006442677676,176.49469222749224,0,,,
detection,9003,40,10,,5,,0,,,,193.50006442677676,176.49469222749224,0,,,
detection,9003,40,10,,5,,0,,,,193.50006442677676,176.49469222749224,0,,,
detection,9003,40,10,,5,,0,,,,193.50006442677676,176.49469222749224,0,,,
detection,9003,40,10,,5,,0,,,,193.50006442677676,176.49469222749224,0,,,
detection,9003,40,10,,10,,0,,,,193.50006442677676,176.49469222749224,0,,,
detection,9003,40,10,,10,,0,,,,193.50006442677676,176.49469222749224,0,,,
detection,9003,40,10,,10,,0,,,,193.50006442677676,176.49469222749224,0,,,
detection,9003,40,10,,10,,0,,,,193.50006442677676,176.49469222749224,0,,,
detection,9003,40,10,,10,,0,,,,193.50006442677676,176.49469222749224,0,,,
detection,9003,40,10,,20,,0,,,,193.50006442677676,176.49469222749224,0,,,
detection,9003,40,10,,20,,0,,,,193.50006442677676,176.49469222749224,0,,,
detection,9003,40,10,,20,,0,,,,193.50006442677676,176.49469222749224,0,,,
detection,9003,40,10,,20,,0,,,,193.50006442677676,176.49469222749224,0,,,
detection,9003,40,10,,20,,0,,,,193.50006442677676,176.49469222749224,0,,,
detection,9003,50,10,,1,,0,,,,193.50006442677676,176.49469222749224,0,,,
detection,9003,50,10,,1,,0,,,,193.50006442677676,176.49469222749224,0,,,
detection,9003,50,10,,1,,0,,,,193.50006442677676,176.49469222749224,0,,,
detection,9003,50,10,,1,,0,,,,193.50006442677676,176.49469222749224,0,,,
detection,9003,50,10,,1,,0,,,,193.50006442677676,176.49469222749224,0,,,
detection,9003,50,10,,2,,0,,,,193.50006442677676,176.49469222749224,0,,,
detection,9003,50,10,,2,,0,,,,193.50006442677676,176.49469222749224,0,,,
detection,9003,50,10,,2,,0,,,,193.50006442677676,176.49469222749224,0,,,
detection,9003,50,10,,2,,0,,,,193.50006442677676,176.49469222749224,0,,,
detection,9003,50,10,,2,,0,,,,193.50006442677676,176.49469222749224,0,,,
detection,9003,50,10,,5,,0,,,,193.50006442677676,176.49469222749224,0,,,
detection,9003,50,10,,5,,0,,,,193.50006442677676,176.49469222749224,0,,,
detection,9003,50,10,,5,,0,,,,193.50006442677676,176.49469222749224,0,,,
detection,9003,50,10,,5,,0,,,,193.50006442677676,176.49469222749224,0,,,
detection,9003,50,10,,5,,0,,,,193.50006442677676,176.49469222749224,0,,,
detection,9003,50,10,,10,,0,,,,193.50006442677676,176.49469222749224,0,,,
detection,9003,50,10,,10,,0,,,,193.50006442677676,176.49469222749224,0,,,
detection,9003,50,10,,10,,0,,,,193.50006442677676,176.49469222749224,0,,,
detection,9003,50,10,,10,,0,,,,193.50006442677676,176.49469222749224,0,,,
detection,9003,50,10,,10,,0,,,,193.50006442677676,176.49469222749224,0,,,
detection,9003,50,10,,20,,0,,,,193.50006442677676,176.49469222749224,0,,,
detection,9003,50,10,,20,,0,,,,193.50006442677676,176.49469222749224,0,,,
detection,9003,50,10,,20,,0,,,,193.50006442677676,176.49469222749224,0,,,
detection,9003,50,10,,20,,0,,,,193.50006442677676,176.49469222749224,0,,,
detection,9003,50,10,,20,,0,,,,193.50006442677676,176.49469222749224,0,,,
detection,9003,60,10,,1,,0,,,,193.50006442677676,176.49469222749224,0,,,
detection,9003,60,10,,1,,0,,,,193.50006442677676,176.49469222749224,0,,,
detection,9003,60,10,,1,,0,,,,193.50006442677676,176.49469222749224,0,,,
detection,9003,60,10,,1,,0,,,,193.50006442677676,176.49469222749224,0,,,
detection,9003,60,10,,1,,0,,,,193.50006442677676,176.49469222749224,0,,,
detection,9003,60,10,,2,,0,,,,193.50006442677676,176.49469222749224,0,,,
detection,9003,60,10,,2,,0,,,,193.50006442677676,176.49469222749224,0,,,
detection,9003,60,10,,2,,0,,,,193.50006442677676,176.49469222749224,0,,,
detection,9003,60,10,,2,,0,,,,193.50006442677676,176.49469222749224,0,,,
detection,9003,60,10,,2,,0,,,,193.50006442677676,176.49469222749224,0,,,
detection,9003,60,10,,5,,0,,,,193.50006442677676,176.49469222749224,0,,,
detection,9003,60,10,,5,,0,,,,193.50006442677676,176.49469222749224,0,,,
detection,9003,60,10,,5,,0,,,,193.50006442677676,176.49469222749224,0,,,
detection,9003,60,10,,5,,0,,,,193.50006442677676,176.49469222749224,0,,,
detection,9003,60,10,,5,,0,,,,193.50006442677676,176.49469222749224,0,,,
detection,9003,60,10,,10,,0,,,,193.50006442677676,176.49469222749224,0,,,
detection,9003,60,10,,10,,0,,,,193.50006442677676,176.49469222749224,0,,,
detection,9003,60,10,,10,,0,,,,193.50006442677676,176.49469222749224,0,,,
detection,9003,60,10,,10,,0,,,,193.50006442677676,176.49469222749224,0,,,
detection,9003,60,10,,10,,0,,,,193.50006442677676,176.49469222749224,0,,,
detection,9003,60,10,,20,,0,,,,193.50006442677676,176.49469222749224,0,,,
detection,9003,60,10,,20,,0,,,,193.50006442677676,176.49469222749224,0,,,
detection,9003,60,10,,20,,0,,,,193.50006442677676,176.49469222749224,0,,,
detection,9003,60,10,,20,,0,,,,193.50006442677676,176.49469222749224,0,,,
detection,9003,60,10,,20,,0,,,,193.50006442677676,176.49469222749224,0,,,
detection,9003,70,10,,1,,0,,,,193.50006442677676,176.49469222749224,0,,,
detection,9003,70,10,,1,,0,,,,193.50006442677676,176.49469222749224,0,,,
detection,9003,70,10,,1,,0,,,,193.50006442677676,176.49469222749224,0,,,
detection,9003,70,10,,1,,0,,,,193.50006442677676,176.49469222749224,0,,,
detection,9003,70,10,,1,,0,,,,193.50006442677676,176.49469222749224,0,,,
detection,9003,70,10,,2,,0,,,,193.50006442677676,176.49469222749224,0,,,
detection,9003,70,10,,2,,0,,,,193.50006442677676,176.49469222749224,0,,,
detection,9003,70,10,,2,,0,,,,193.50006442677676,176.49469222749224,0,,,
detection,9003,70,10,,2,,0,,,,193.50006442677676,176.49469222749224,0,,,
detection,9003,70,10,,2,,0,,,,193.50006442677676,176.49469222749224,0,,,
detection,9003,70,10,,5,,0,,,,193.50006442677676,176.49469222749224,0,,,
detection,9003,70,10,,5,,0,,,,193.50006442677676,176.49469222749224,0,,,
detection,9003,70,10,,5,,0,,,,193.50006442677676,176.49469222749224,0,,,
detection,9003,70,10,,5,,0,,,,193.50006442677676,176.49469222749224,0,,,
detection,9003,70,10,,5,,0,,,,193.50006442677676,176.49469222749224,0,,,
detection,9003,70,10,,10,,0,,,,193.50006442677676,176.49469222749224,0,,,
detection,9003,70,10,,10,,0,,,,193.50006442677676,176.49469222749224,0,,,
detection,9003,70,10,,10,,0,,,,193.50006442677676,176.49469222749224,0,,,
detection,9003,70,10,,10,,0,,,,193.50006442677676,176.49469222749224,0,,,
detection,9003,70,10,,10,,0,,,,193.50006442677676,176.49469222749224,0,,,
detection,9003,70,10,,20,,0,,,,193.50006442677676,176.49469222749224,0,,,
detection,9003,70,10,,20,,0,,,,193.50006442677676,176.49469222749224,0,,,
detection,9003,70,10,,20,,0,,,,193.50006442677676,176.49469222749224,0,,,
detection,9003,70,10,,20,,0,,,,193.50006442677676,176.49469222749224,0,,,
detection,9003,70,10,,20,,0,,,,193.50006442677676,176.49469222749224,0,,,
detection,9003,80,10,,1,,0,,,,193.50006442677676,176.49469222749224,0,,,
detection,9003,80,10,,1,,0,,,,193.50006442677676,176.49469222749224,0,,,
detection,9003,80,10,,1,,0,,,,193.50006442677676,176.49469222749224,0,,,
detection,9003,80,10,,1,,0,,,,193.50006442677676,176.49469222749224,0,,,
detection,9003,80,10,,1,,0,,,,193.50006442677676,176.49469222749224,0,,,
detection,9003,80,10,,2,,0,,,,193.50006442677676,176.49469222749224,0,,,
detection,9003,80,10,,2,,0,,,,193.50006442677676,176.49469222749224,0,,,
detection,9003,80,10,,2,,0,,,,193.50006442677676,176.49469222749224,0,,,
detection,9003,80,10,,2,,0,,,,193.50006442677676,176.49469222749224,0,,,
detection,9003,80,10,,2,,0,,,,193.50006442677676,176.49469222749224,0,,,
detection,9003,80,10,,5,,0,,,,193.50006442677676,176.49469222749224,0,,,
detection,9003,80,10,,5,,0,,,,193.50006442677676,176.49469222749224,0,,,
detection,9003,80,10,,5,,0,,,,193.50006442677676,176.49469222749224,0,,,
detection,9003,80,10,,5,,0,,,,193.50006442677676,176.49469222749224,0,,,
detection,9003,80,10,,5,,0,,,,193.50006442677676,176.49469222749224,0,,,
detection,9003,80,10,,10,,0,,,,193.50006442677676,176.49469222749224,0,,,
detection,9003,80,10,,10,,0,,,,193.50006442677676,176.49469222749224,0,,,
detection,9003,80,10,,10,,0,,,,193.50006442677676,176.49469222749224,0,,,
detection,9003,80,10,,10,,0,,,,193.50006442677676,176.49469222749224,0,,,
detection,9003,80,10,,10,,0,,,,193.50006442677676,176.49469222749224,0,,,
detection,9003,80,10,,20,,0,,,,193.50006442677676,176.49469222749224,0,,,
detection,9003,80,10,,20,,0,,,,193.50006442677676,176.49469222749224,0,,,
detection,9003,80,10,,20,,0,,,,193.50006442677676,176.49469222749224,0,,,
detection,9003,80,10,,20,,0,,,,193.50006442677676,176.49469222749224,0,,,
detection,9003,80,10,,20,,0,,,,193.50006442677676,176.49469222749224,0,,,
false_positive,9001,5,,,20,,0,,,,,,,0,0,0
false_positive,9001,10,,,20,,0,,,,,,,0,0,0
false_positive,9001,15,,,20,,0,,,,,,,0,0,0
false_positive,9001,20,,,20,,0,,,,,,,0,0,0
false_positive,9001,30,,,20,,0,,,,,,,0,0,0
false_positive,9001,40,,,20,,0,,,,,,,0,0,0
false_positive,9001,50,,,20,,0,,,,,,,0,0,0
false_positive,9001,60,,,20,,0,,,,,,,0,0,0
false_positive,9001,70,,,20,,0,,,,,,,0,0,0
false_positive,9001,80,,,20,,0,,,,,,,0,0,0
false_positive,9001,5,,,20,,0,,,,,,,100,0,0
false_positive,9001,10,,,20,,0,,,,,,,100,0,0
false_positive,9001,15,,,20,,0,,,,,,,100,0,0
false_positive,9001,20,,,20,,0,,,,,,,100,0,0
false_positive,9001,30,,,20,,0,,,,,,,100,0,0
false_positive,9001,40,,,20,,0,,,,,,,100,0,0
false_positive,9001,50,,,20,,0,,,,,,,100,0,0
false_positive,9001,60,,,20,,0,,,,,,,100,0,0
false_positive,9001,70,,,20,,0,,,,,,,100,0,0
false_positive,9001,80,,,20,,0,,,,,,,100,0,0
false_positive,9001,5,,,20,,0,,,,,,,-100,0,0
false_positive,9001,10,,,20,,0,,,,,,,-100,0,0
false_positive,9001,15,,,20,,0,,,,,,,-100,0,0
false_positive,9001,20,,,20,,0,,,,,,,-100,0,0
false_positive,9001,30,,,20,,0,,,,,,,-100,0,0
false_positive,9001,40,,,20,,0,,,,,,,-100,0,0
false_positive,9001,50,,,20,,0,,,,,,,-100,0,0
false_positive,9001,60,,,20,,0,,,,,,,-100,0,0
false_positive,9001,70,,,20,,0,,,,,,,-100,0,0
false_positive,9001,80,,,20,,0,,,,,,,-100,0,0
false_positive,9001,5,,,20,,0,,,,,,,0,100,0
false_positive,9001,10,,,20,,0,,,,,,,0,100,0
false_positive,9001,15,,,20,,0,,,,,,,0,100,0
false_positive,9001,20,,,20,,0,,,,,,,0,100,0
false_positive,9001,30,,,20,,0,,,,,,,0,100,0
false_positive,9001,40,,,20,,0,,,,,,,0,100,0
false_positive,9001,50,,,20,,0,,,,,,,0,100,0
false_positive,9001,60,,,20,,0,,,,,,,0,100,0
false_positive,9001,70,,,20,,0,,,,,,,0,100,0
false_positive,9001,80,,,20,,0,,,,,,,0,100,0
false_positive,9001,5,,,20,,0,,,,,,,0,-100,0
false_positive,9001,10,,,20,,0,,,,,,,0,-100,0
false_positive,9001,15,,,20,,0,,,,,,,0,-100,0
false_positive,9001,20,,,20,,0,,,,,,,0,-100,0
false_positive,9001,30,,,20,,0,,,,,,,0,-100,0
false_positive,9001,40,,,20,,0,,,,,,,0,-100,0
false_positive,9001,50,,,20,,0,,,,,,,0,-100,0
false_positive,9001,60,,,20,,0,,,,,,,0,-100,0
false_positive,9001,70,,,20,,0,,,,,,,0,-100,0
false_positive,9001,80,,,20,,0,,,,,,,0,-100,0
false_positive,9001,5,,,20,,0,,,,,,,150,150,0
false_positive,9001,10,,,20,,0,,,,,,,150,150,0
false_positive,9001,15,,,20,,0,,,,,,,150,150,0
false_positive,9001,20,,,20,,0,,,,,,,150,150,0
false_positive,9001,30,,,20,,0,,,,,,,150,150,0
false_positive,9001,40,,,20,,0,,,,,,,150,150,0
false_positive,9001,50,,,20,,0,,,,,,,150,150,0
false_positive,9001,60,,,20,,0,,,,,,,150,150,0
false_positive,9001,70,,,20,,0,,,,,,,150,150,0
false_positive,9001,80,,,20,,0,,,,,,,150,150,0
false_positive,9001,5,,,20,,0,,,,,,,-150,-150,0
false_positive,9001,10,,,20,,0,,,,,,,-150,-150,0
false_positive,9001,15,,,20,,0,,,,,,,-150,-150,0
false_positive,9001,20,,,20,,0,,,,,,,-150,-150,0
false_positive,9001,30,,,20,,0,,,,,,,-150,-150,0
false_positive,9001,40,,,20,,0,,,,,,,-150,-150,0
false_positive,9001,50,,,20,,0,,,,,,,-150,-150,0
false_positive,9001,60,,,20,,0,,,,,,,-150,-150,0
false_positive,9001,70,,,20,,0,,,,,,,-150,-150,0
false_positive,9001,80,,,20,,0,,,,,,,-150,-150,0
false_positive,9002,5,,,20,,0,,,,,,,0,0,0
false_positive,9002,10,,,20,,0,,,,,,,0,0,0
false_positive,9002,15,,,20,,0,,,,,,,0,0,0
false_positive,9002,20,,,20,,0,,,,,,,0,0,0
false_positive,9002,30,,,20,,0,,,,,,,0,0,0
false_positive,9002,40,,,20,,0,,,,,,,0,0,0
false_positive,9002,50,,,20,,0,,,,,,,0,0,0
false_positive,9002,60,,,20,,0,,,,,,,0,0,0
false_positive,9002,70,,,20,,0,,,,,,,0,0,0
false_positive,9002,80,,,20,,0,,,,,,,0,0,0
false_positive,9002,5,,,20,,0,,,,,,,100,0,0
false_positive,9002,10,,,20,,0,,,,,,,100,0,0
false_positive,9002,15,,,20,,0,,,,,,,100,0,0
false_positive,9002,20,,,20,,0,,,,,,,100,0,0
false_positive,9002,30,,,20,,0,,,,,,,100,0,0
false_positive,9002,40,,,20,,0,,,,,,,100,0,0
false_positive,9002,50,,,20,,0,,,,,,,100,0,0
false_positive,9002,60,,,20,,0,,,,,,,100,0,0
false_positive,9002,70,,,20,,0,,,,,,,100,0,0
false_positive,9002,80,,,20,,0,,,,,,,100,0,0
false_positive,9002,5,,,20,,0,,,,,,,-100,0,0
false_positive,9002,10,,,20,,0,,,,,,,-100,0,0
false_positive,9002,15,,,20,,0,,,,,,,-100,0,0
false_positive,9002,20,,,20,,0,,,,,,,-100,0,0
false_positive,9002,30,,,20,,0,,,,,,,-100,0,0
false_positive,9002,40,,,20,,0,,,,,,,-100,0,0
false_positive,9002,50,,,20,,0,,,,,,,-100,0,0
false_positive,9002,60,,,20,,0,,,,,,,-100,0,0
false_positive,9002,70,,,20,,0,,,,,,,-100,0,0
false_positive,9002,80,,,20,,0,,,,,,,-100,0,0
false_positive,9002,5,,,20,,0,,,,,,,0,100,0
false_positive,9002,10,,,20,,0,,,,,,,0,100,0
false_positive,9002,15,,,20,,0,,,,,,,0,100,0
false_positive,9002,20,,,20,,0,,,,,,,0,100,0
false_positive,9002,30,,,20,,0,,,,,,,0,100,0
false_positive,9002,40,,,20,,0,,,,,,,0,100,0
false_positive,9002,50,,,20,,0,,,,,,,0,100,0
false_positive,9002,60,,,20,,0,,,,,,,0,100,0
false_positive,9002,70,,,20,,0,,,,,,,0,100,0
false_positive,9002,80,,,20,,0,,,,,,,0,100,0
false_positive,9002,5,,,20,,0,,,,,,,0,-100,0
false_positive,9002,10,,,20,,0,,,,,,,0,-100,0
false_positive,9002,15,,,20,,0,,,,,,,0,-100,0
false_positive,9002,20,,,20,,0,,,,,,,0,-100,0
false_positive,9002,30,,,20,,0,,,,,,,0,-100,0
false_positive,9002,40,,,20,,0,,,,,,,0,-100,0
false_positive,9002,50,,,20,,0,,,,,,,0,-100,0
false_positive,9002,60,,,20,,0,,,,,,,0,-100,0
false_positive,9002,70,,,20,,0,,,,,,,0,-100,0
false_positive,9002,80,,,20,,0,,,,,,,0,-100,0
false_positive,9002,5,,,20,,0,,,,,,,150,150,0
false_positive,9002,10,,,20,,0,,,,,,,150,150,0
false_positive,9002,15,,,20,,0,,,,,,,150,150,0
false_positive,9002,20,,,20,,0,,,,,,,150,150,0
false_positive,9002,30,,,20,,0,,,,,,,150,150,0
false_positive,9002,40,,,20,,0,,,,,,,150,150,0
false_positive,9002,50,,,20,,0,,,,,,,150,150,0
false_positive,9002,60,,,20,,0,,,,,,,150,150,0
false_positive,9002,70,,,20,,0,,,,,,,150,150,0
false_positive,9002,80,,,20,,0,,,,,,,150,150,0
false_positive,9002,5,,,20,,0,,,,,,,-150,-150,0
false_positive,9002,10,,,20,,0,,,,,,,-150,-150,0
false_positive,9002,15,,,20,,0,,,,,,,-150,-150,0
false_positive,9002,20,,,20,,0,,,,,,,-150,-150,0
false_positive,9002,30,,,20,,0,,,,,,,-150,-150,0
false_positive,9002,40,,,20,,0,,,,,,,-150,-150,0
false_positive,9002,50,,,20,,0,,,,,,,-150,-150,0
false_positive,9002,60,,,20,,0,,,,,,,-150,-150,0
false_positive,9002,70,,,20,,0,,,,,,,-150,-150,0
false_positive,9002,80,,,20,,0,,,,,,,-150,-150,0
false_positive,9003,5,,,20,,0,,,,,,,0,0,0
false_positive,9003,10,,,20,,0,,,,,,,0,0,0
false_positive,9003,15,,,20,,0,,,,,,,0,0,0
false_positive,9003,20,,,20,,0,,,,,,,0,0,0
false_positive,9003,30,,,20,,0,,,,,,,0,0,0
false_positive,9003,40,,,20,,0,,,,,,,0,0,0
false_positive,9003,50,,,20,,0,,,,,,,0,0,0
false_positive,9003,60,,,20,,0,,,,,,,0,0,0
false_positive,9003,70,,,20,,0,,,,,,,0,0,0
false_positive,9003,80,,,20,,0,,,,,,,0,0,0
false_positive,9003,5,,,20,,0,,,,,,,100,0,0
false_positive,9003,10,,,20,,0,,,,,,,100,0,0
false_positive,9003,15,,,20,,0,,,,,,,100,0,0
false_positive,9003,20,,,20,,0,,,,,,,100,0,0
false_positive,9003,30,,,20,,0,,,,,,,100,0,0
false_positive,9003,40,,,20,,0,,,,,,,100,0,0
false_positive,9003,50,,,20,,0,,,,,,,100,0,0
false_positive,9003,60,,,20,,0,,,,,,,100,0,0
false_positive,9003,70,,,20,,0,,,,,,,100,0,0
false_positive,9003,80,,,20,,0,,,,,,,100,0,0
false_positive,9003,5,,,20,,0,,,,,,,-100,0,0
false_positive,9003,10,,,20,,0,,,,,,,-100,0,0
false_positive,9003,15,,,20,,0,,,,,,,-100,0,0
false_positive,9003,20,,,20,,0,,,,,,,-100,0,0
false_positive,9003,30,,,20,,0,,,,,,,-100,0,0
false_positive,9003,40,,,20,,0,,,,,,,-100,0,0
false_positive,9003,50,,,20,,0,,,,,,,-100,0,0
false_positive,9003,60,,,20,,0,,,,,,,-100,0,0
false_positive,9003,70,,,20,,0,,,,,,,-100,0,0
false_positive,9003,80,,,20,,0,,,,,,,-100,0,0
false_positive,9003,5,,,20,,0,,,,,,,0,100,0
false_positive,9003,10,,,20,,0,,,,,,,0,100,0
false_positive,9003,15,,,20,,0,,,,,,,0,100,0
false_positive,9003,20,,,20,,0,,,,,,,0,100,0
false_positive,9003,30,,,20,,0,,,,,,,0,100,0
false_positive,9003,40,,,20,,0,,,,,,,0,100,0
false_positive,9003,50,,,20,,0,,,,,,,0,100,0
false_positive,9003,60,,,20,,0,,,,,,,0,100,0
false_positive,9003,70,,,20,,0,,,,,,,0,100,0
false_positive,9003,80,,,20,,0,,,,,,,0,100,0
false_positive,9003,5,,,20,,0,,,,,,,0,-100,0
false_positive,9003,10,,,20,,0,,,,,,,0,-100,0
false_positive,9003,15,,,20,,0,,,,,,,0,-100,0
false_positive,9003,20,,,20,,0,,,,,,,0,-100,0
false_positive,9003,30,,,20,,0,,,,,,,0,-100,0
false_positive,9003,40,,,20,,0,,,,,,,0,-100,0
false_positive,9003,50,,,20,,0,,,,,,,0,-100,0
false_positive,9003,60,,,20,,0,,,,,,,0,-100,0
false_positive,9003,70,,,20,,0,,,,,,,0,-100,0
false_positive,9003,80,,,20,,0,,,,,,,0,-100,0
false_positive,9003,5,,,20,,0,,,,,,,150,150,0
false_positive,9003,10,,,20,,0,,,,,,,150,150,0
false_positive,9003,15,,,20,,0,,,,,,,150,150,0
false_positive,9003,20,,,20,,0,,,,,,,150,150,0
false_positive,9003,30,,,20,,0,,,,,,,150,150,0
false_positive,9003,40,,,20,,0,,,,,,,150,150,0
false_positive,9003,50,,,20,,0,,,,,,,150,150,0
false_positive,9003,60,,,20,,0,,,,,,,150,150,0
false_positive,9003,70,,,20,,0,,,,,,,150,150,0
false_positive,9003,80,,,20,,0,,,,,,,150,150,0
false_positive,9003,5,,,20,,0,,,,,,,-150,-150,0
false_positive,9003,10,,,20,,0,,,,,,,-150,-150,0
false_positive,9003,15,,,20,,0,,,,,,,-150,-150,0
false_positive,9003,20,,,20,,0,,,,,,,-150,-150,0
false_positive,9003,30,,,20,,0,,,,,,,-150,-150,0
false_positive,9003,40,,,20,,0,,,,,,,-150,-150,0
false_positive,9003,50,,,20,,0,,,,,,,-150,-150,0
false_positive,9003,60,,,20,,0,,,,,,,-150,-150,0
false_positive,9003,70,,,20,,0,,,,,,,-150,-150,0
false_positive,9003,80,,,20,,0,,,,,,,-150,-150,0
